BEGIN TRANSACTION;
CREATE TABLE `web_track` (`id` integer NOT NULL PRIMARY KEY AUTO_INCREMENT, `name` varchar(24) NOT NULL, `race_id` integer NOT NULL REFERENCES `web_race` (`id`) DEFERRABLE INITIALLY DEFERRED);
INSERT INTO `web_track` (id,name,race_id) VALUES (1,'P1',1);
INSERT INTO `web_track` (id,name,race_id) VALUES (2,'P2',1);
INSERT INTO `web_track` (id,name,race_id) VALUES (3,'P3',1);
INSERT INTO `web_track` (id,name,race_id) VALUES (4,'P4',1);
INSERT INTO `web_track` (id,name,race_id) VALUES (5,'P5',1);
CREATE TABLE `web_team` (`id` integer NOT NULL PRIMARY KEY AUTO_INCREMENT, `start_no` decimal NOT NULL, `car_id` integer NOT NULL REFERENCES `web_car` (`id`) DEFERRABLE INITIALLY DEFERRED, `driver_id` integer NOT NULL REFERENCES `web_person` (`id`) DEFERRABLE INITIALLY DEFERRED, `navigator_id` integer NULL REFERENCES `web_person` (`id`) DEFERRABLE INITIALLY DEFERRED, `race_id` integer NOT NULL REFERENCES `web_race` (`id`) DEFERRABLE INITIALLY DEFERRED, `tclass_id` integer NOT NULL REFERENCES `web_carclass` (`id`) DEFERRABLE INITIALLY DEFERRED);
INSERT INTO `web_team` (id,start_no,car_id,driver_id,navigator_id,race_id,tclass_id) VALUES (3,3,4,19,NULL,1,2);
INSERT INTO `web_team` (id,start_no,car_id,driver_id,navigator_id,race_id,tclass_id) VALUES (5,5,4,21,NULL,1,2);
INSERT INTO `web_team` (id,start_no,car_id,driver_id,navigator_id,race_id,tclass_id) VALUES (7,7,5,9,NULL,1,2);
INSERT INTO `web_team` (id,start_no,car_id,driver_id,navigator_id,race_id,tclass_id) VALUES (8,8,2,2,NULL,1,2);
INSERT INTO `web_team` (id,start_no,car_id,driver_id,navigator_id,race_id,tclass_id) VALUES (19,24,14,16,NULL,1,5);
INSERT INTO `web_team` (id,start_no,car_id,driver_id,navigator_id,race_id,tclass_id) VALUES (20,72,4,20,NULL,1,2);
INSERT INTO `web_team` (id,start_no,car_id,driver_id,navigator_id,race_id,tclass_id) VALUES (21,4,6,10,NULL,1,3);
INSERT INTO `web_team` (id,start_no,car_id,driver_id,navigator_id,race_id,tclass_id) VALUES (22,25,8,12,NULL,1,4);
INSERT INTO `web_team` (id,start_no,car_id,driver_id,navigator_id,race_id,tclass_id) VALUES (23,30,15,22,NULL,1,4);
INSERT INTO `web_team` (id,start_no,car_id,driver_id,navigator_id,race_id,tclass_id) VALUES (24,42,10,14,NULL,1,4);
INSERT INTO `web_team` (id,start_no,car_id,driver_id,navigator_id,race_id,tclass_id) VALUES (25,29,10,23,NULL,1,4);
INSERT INTO `web_team` (id,start_no,car_id,driver_id,navigator_id,race_id,tclass_id) VALUES (26,28,16,24,NULL,1,5);
INSERT INTO `web_team` (id,start_no,car_id,driver_id,navigator_id,race_id,tclass_id) VALUES (27,27,17,25,NULL,1,5);
INSERT INTO `web_team` (id,start_no,car_id,driver_id,navigator_id,race_id,tclass_id) VALUES (28,26,18,3,NULL,1,5);
INSERT INTO `web_team` (id,start_no,car_id,driver_id,navigator_id,race_id,tclass_id) VALUES (29,16,2,7,NULL,1,2);
INSERT INTO `web_team` (id,start_no,car_id,driver_id,navigator_id,race_id,tclass_id) VALUES (30,1,4,9,NULL,1,1);
INSERT INTO `web_team` (id,start_no,car_id,driver_id,navigator_id,race_id,tclass_id) VALUES (31,70,7,26,NULL,1,3);
INSERT INTO `web_team` (id,start_no,car_id,driver_id,navigator_id,race_id,tclass_id) VALUES (32,22,7,27,NULL,1,3);
INSERT INTO `web_team` (id,start_no,car_id,driver_id,navigator_id,race_id,tclass_id) VALUES (33,21,9,13,NULL,1,4);
INSERT INTO `web_team` (id,start_no,car_id,driver_id,navigator_id,race_id,tclass_id) VALUES (34,20,12,28,NULL,1,5);
INSERT INTO `web_team` (id,start_no,car_id,driver_id,navigator_id,race_id,tclass_id) VALUES (35,2,19,29,NULL,1,2);
INSERT INTO `web_team` (id,start_no,car_id,driver_id,navigator_id,race_id,tclass_id) VALUES (36,19,13,30,NULL,1,5);
INSERT INTO `web_team` (id,start_no,car_id,driver_id,navigator_id,race_id,tclass_id) VALUES (37,95,4,31,NULL,1,2);
CREATE TABLE `web_race` (`id` integer NOT NULL PRIMARY KEY AUTO_INCREMENT, `name` varchar(256) NOT NULL, `place` varchar(256) NOT NULL, `start_date` datetime NOT NULL, `end_date` datetime NOT NULL, `finished` bool NOT NULL, `race_type` varchar(24) NOT NULL);
INSERT INTO `web_race` (id,name,place,start_date,end_date,finished,race_type) VALUES (1,'Trening Rusocin 10.12.2017','Rusocin','2017-12-10 09:00:00','2017-12-10 15:00:00',0,'TimeAttack');
CREATE TABLE `web_person` (`id` integer NOT NULL PRIMARY KEY AUTO_INCREMENT, `name` varchar(24) NOT NULL, `surname` varchar(24) NOT NULL, `nick` varchar(24) NULL, `mail` varchar(24) NULL, `desc` varchar(200) NULL, `race_licence` bool NOT NULL, `phone_tel` varchar(24) NULL);
INSERT INTO `web_person` (id,name,surname,nick,mail,desc,race_licence,phone_tel) VALUES (1,'.','.','Oleś',NULL,NULL,0,NULL);
INSERT INTO `web_person` (id,name,surname,nick,mail,desc,race_licence,phone_tel) VALUES (2,'P','Popowicz','Popek P',NULL,NULL,0,NULL);
INSERT INTO `web_person` (id,name,surname,nick,mail,desc,race_licence,phone_tel) VALUES (3,'S','Popowicz','Popek S',NULL,NULL,0,NULL);
INSERT INTO `web_person` (id,name,surname,nick,mail,desc,race_licence,phone_tel) VALUES (4,'M','Slawkowski','mslawkowski',NULL,NULL,0,NULL);
INSERT INTO `web_person` (id,name,surname,nick,mail,desc,race_licence,phone_tel) VALUES (5,'.','.','Pawel',NULL,NULL,0,NULL);
INSERT INTO `web_person` (id,name,surname,nick,mail,desc,race_licence,phone_tel) VALUES (6,'.','.','Sałen',NULL,NULL,0,NULL);
INSERT INTO `web_person` (id,name,surname,nick,mail,desc,race_licence,phone_tel) VALUES (7,'Bartosz','Dempc','BartekD',NULL,NULL,0,NULL);
INSERT INTO `web_person` (id,name,surname,nick,mail,desc,race_licence,phone_tel) VALUES (8,'.','.','Paula',NULL,NULL,0,NULL);
INSERT INTO `web_person` (id,name,surname,nick,mail,desc,race_licence,phone_tel) VALUES (9,'Tomek','Tomek','Tomek',NULL,NULL,0,NULL);
INSERT INTO `web_person` (id,name,surname,nick,mail,desc,race_licence,phone_tel) VALUES (10,'Łukasz','Łukasz','Łukasz',NULL,NULL,0,NULL);
INSERT INTO `web_person` (id,name,surname,nick,mail,desc,race_licence,phone_tel) VALUES (11,'.','.','Mariusz',NULL,NULL,0,NULL);
INSERT INTO `web_person` (id,name,surname,nick,mail,desc,race_licence,phone_tel) VALUES (12,'Darek','Darek','darek',NULL,NULL,0,NULL);
INSERT INTO `web_person` (id,name,surname,nick,mail,desc,race_licence,phone_tel) VALUES (13,'Dominik','Wąsowicz','DoDominik',NULL,NULL,0,NULL);
INSERT INTO `web_person` (id,name,surname,nick,mail,desc,race_licence,phone_tel) VALUES (14,'MArcin','Marcin','Marcin',NULL,NULL,0,NULL);
INSERT INTO `web_person` (id,name,surname,nick,mail,desc,race_licence,phone_tel) VALUES (15,'.','.','Dinozaur',NULL,NULL,0,NULL);
INSERT INTO `web_person` (id,name,surname,nick,mail,desc,race_licence,phone_tel) VALUES (16,'Filip','Wąsowicz','Von Sovitz',NULL,NULL,0,NULL);
INSERT INTO `web_person` (id,name,surname,nick,mail,desc,race_licence,phone_tel) VALUES (17,'.','.','Kos',NULL,NULL,0,NULL);
INSERT INTO `web_person` (id,name,surname,nick,mail,desc,race_licence,phone_tel) VALUES (18,'jan','noname','noname',NULL,NULL,0,NULL);
INSERT INTO `web_person` (id,name,surname,nick,mail,desc,race_licence,phone_tel) VALUES (19,'R','Robert','Robert',NULL,NULL,0,NULL);
INSERT INTO `web_person` (id,name,surname,nick,mail,desc,race_licence,phone_tel) VALUES (20,'m','mAŁY','Mały',NULL,NULL,0,NULL);
INSERT INTO `web_person` (id,name,surname,nick,mail,desc,race_licence,phone_tel) VALUES (21,'Salem','Salem','Salem',NULL,NULL,0,NULL);
INSERT INTO `web_person` (id,name,surname,nick,mail,desc,race_licence,phone_tel) VALUES (22,'astra','astra','astra',NULL,NULL,0,NULL);
INSERT INTO `web_person` (id,name,surname,nick,mail,desc,race_licence,phone_tel) VALUES (23,'Dawid','dawid','Dawid',NULL,NULL,0,NULL);
INSERT INTO `web_person` (id,name,surname,nick,mail,desc,race_licence,phone_tel) VALUES (24,'Skoda','Octavia',NULL,NULL,NULL,0,NULL);
INSERT INTO `web_person` (id,name,surname,nick,mail,desc,race_licence,phone_tel) VALUES (25,'Ford','Focus',NULL,NULL,NULL,0,NULL);
INSERT INTO `web_person` (id,name,surname,nick,mail,desc,race_licence,phone_tel) VALUES (26,'MatJAS','MatJAS','MatJAS',NULL,NULL,0,NULL);
INSERT INTO `web_person` (id,name,surname,nick,mail,desc,race_licence,phone_tel) VALUES (27,'Mariusz','Mariusz','Mariusz',NULL,NULL,0,NULL);
INSERT INTO `web_person` (id,name,surname,nick,mail,desc,race_licence,phone_tel) VALUES (28,'Kos','Kos',NULL,NULL,NULL,0,NULL);
INSERT INTO `web_person` (id,name,surname,nick,mail,desc,race_licence,phone_tel) VALUES (29,'Jasny','Jasny','Jasny',NULL,NULL,0,NULL);
INSERT INTO `web_person` (id,name,surname,nick,mail,desc,race_licence,phone_tel) VALUES (30,'Tomek','K','TomekK',NULL,NULL,0,NULL);
INSERT INTO `web_person` (id,name,surname,nick,mail,desc,race_licence,phone_tel) VALUES (31,'Jan','Borowski',NULL,NULL,NULL,0,NULL);
CREATE TABLE `web_lap` (`id` integer NOT NULL PRIMARY KEY AUTO_INCREMENT, `taryfa` bool NOT NULL, `fee` decimal NOT NULL, `start_time` time NULL, `stop_time` time NULL, `team_id` integer NULL REFERENCES `web_team` (`id`) DEFERRABLE INITIALLY DEFERRED, `track_id` integer NULL REFERENCES `web_track` (`id`) DEFERRABLE INITIALLY DEFERRED, `result` bigint NOT NULL, `result_plus_fee` bigint NOT NULL, `result_taryfa` bigint NOT NULL);
INSERT INTO `web_lap` (id,taryfa,fee,start_time,stop_time,team_id,track_id,result,result_plus_fee,result_taryfa) VALUES (29,0,0,NULL,NULL,30,1,103497,103497,0);
INSERT INTO `web_lap` (id,taryfa,fee,start_time,stop_time,team_id,track_id,result,result_plus_fee,result_taryfa) VALUES (30,0,0,NULL,NULL,3,1,95100,9500,0);
INSERT INTO `web_lap` (id,taryfa,fee,start_time,stop_time,team_id,track_id,result,result_plus_fee,result_taryfa) VALUES (31,0,0,NULL,NULL,5,1,97021,97021,0);
INSERT INTO `web_lap` (id,taryfa,fee,start_time,stop_time,team_id,track_id,result,result_plus_fee,result_taryfa) VALUES (32,0,5,NULL,NULL,8,1,101193,106193,0);
INSERT INTO `web_lap` (id,taryfa,fee,start_time,stop_time,team_id,track_id,result,result_plus_fee,result_taryfa) VALUES (33,0,0,NULL,NULL,7,1,99627,99627,0);
INSERT INTO `web_lap` (id,taryfa,fee,start_time,stop_time,team_id,track_id,result,result_plus_fee,result_taryfa) VALUES (34,0,5,NULL,NULL,20,1,92851,92851,0);
INSERT INTO `web_lap` (id,taryfa,fee,start_time,stop_time,team_id,track_id,result,result_plus_fee,result_taryfa) VALUES (35,0,0,NULL,NULL,35,1,99853,99853,0);
INSERT INTO `web_lap` (id,taryfa,fee,start_time,stop_time,team_id,track_id,result,result_plus_fee,result_taryfa) VALUES (36,0,0,NULL,NULL,29,1,97150,97150,0);
INSERT INTO `web_lap` (id,taryfa,fee,start_time,stop_time,team_id,track_id,result,result_plus_fee,result_taryfa) VALUES (37,0,0,NULL,NULL,21,1,100414,100414,0);
INSERT INTO `web_lap` (id,taryfa,fee,start_time,stop_time,team_id,track_id,result,result_plus_fee,result_taryfa) VALUES (38,0,0,NULL,NULL,31,1,91292,91292,0);
INSERT INTO `web_lap` (id,taryfa,fee,start_time,stop_time,team_id,track_id,result,result_plus_fee,result_taryfa) VALUES (39,0,0,NULL,NULL,32,1,102403,102403,0);
INSERT INTO `web_lap` (id,taryfa,fee,start_time,stop_time,team_id,track_id,result,result_plus_fee,result_taryfa) VALUES (40,0,0,NULL,NULL,22,1,91551,91551,0);
INSERT INTO `web_lap` (id,taryfa,fee,start_time,stop_time,team_id,track_id,result,result_plus_fee,result_taryfa) VALUES (41,0,0,NULL,NULL,25,1,99556,99556,0);
INSERT INTO `web_lap` (id,taryfa,fee,start_time,stop_time,team_id,track_id,result,result_plus_fee,result_taryfa) VALUES (42,1,0,NULL,NULL,24,1,100510,100510,0);
INSERT INTO `web_lap` (id,taryfa,fee,start_time,stop_time,team_id,track_id,result,result_plus_fee,result_taryfa) VALUES (43,0,0,NULL,NULL,23,1,103582,103582,0);
INSERT INTO `web_lap` (id,taryfa,fee,start_time,stop_time,team_id,track_id,result,result_plus_fee,result_taryfa) VALUES (44,0,0,NULL,NULL,33,1,95311,95311,0);
INSERT INTO `web_lap` (id,taryfa,fee,start_time,stop_time,team_id,track_id,result,result_plus_fee,result_taryfa) VALUES (45,0,0,NULL,NULL,34,1,104323,104323,0);
INSERT INTO `web_lap` (id,taryfa,fee,start_time,stop_time,team_id,track_id,result,result_plus_fee,result_taryfa) VALUES (46,0,0,NULL,NULL,28,1,100976,100976,0);
INSERT INTO `web_lap` (id,taryfa,fee,start_time,stop_time,team_id,track_id,result,result_plus_fee,result_taryfa) VALUES (47,0,0,NULL,NULL,26,1,92876,92876,0);
INSERT INTO `web_lap` (id,taryfa,fee,start_time,stop_time,team_id,track_id,result,result_plus_fee,result_taryfa) VALUES (48,0,0,NULL,NULL,27,1,101816,101816,0);
INSERT INTO `web_lap` (id,taryfa,fee,start_time,stop_time,team_id,track_id,result,result_plus_fee,result_taryfa) VALUES (49,0,0,NULL,NULL,36,1,95060,95060,0);
INSERT INTO `web_lap` (id,taryfa,fee,start_time,stop_time,team_id,track_id,result,result_plus_fee,result_taryfa) VALUES (50,0,0,NULL,NULL,19,1,94265,94265,0);
INSERT INTO `web_lap` (id,taryfa,fee,start_time,stop_time,team_id,track_id,result,result_plus_fee,result_taryfa) VALUES (51,0,0,NULL,NULL,30,2,103780,103780,0);
INSERT INTO `web_lap` (id,taryfa,fee,start_time,stop_time,team_id,track_id,result,result_plus_fee,result_taryfa) VALUES (52,0,5,NULL,NULL,3,2,97451,102451,0);
INSERT INTO `web_lap` (id,taryfa,fee,start_time,stop_time,team_id,track_id,result,result_plus_fee,result_taryfa) VALUES (53,0,0,NULL,NULL,5,2,97528,97528,0);
INSERT INTO `web_lap` (id,taryfa,fee,start_time,stop_time,team_id,track_id,result,result_plus_fee,result_taryfa) VALUES (54,1,0,NULL,NULL,8,2,104954,104954,0);
INSERT INTO `web_lap` (id,taryfa,fee,start_time,stop_time,team_id,track_id,result,result_plus_fee,result_taryfa) VALUES (55,0,0,NULL,NULL,7,2,99008,99008,0);
INSERT INTO `web_lap` (id,taryfa,fee,start_time,stop_time,team_id,track_id,result,result_plus_fee,result_taryfa) VALUES (56,0,0,NULL,NULL,20,2,98110,98110,0);
INSERT INTO `web_lap` (id,taryfa,fee,start_time,stop_time,team_id,track_id,result,result_plus_fee,result_taryfa) VALUES (57,0,0,NULL,NULL,35,2,100336,100336,0);
INSERT INTO `web_lap` (id,taryfa,fee,start_time,stop_time,team_id,track_id,result,result_plus_fee,result_taryfa) VALUES (58,0,5,NULL,NULL,29,2,98289,103289,0);
INSERT INTO `web_lap` (id,taryfa,fee,start_time,stop_time,team_id,track_id,result,result_plus_fee,result_taryfa) VALUES (59,0,0,NULL,NULL,21,2,98673,98673,0);
INSERT INTO `web_lap` (id,taryfa,fee,start_time,stop_time,team_id,track_id,result,result_plus_fee,result_taryfa) VALUES (60,0,0,NULL,NULL,31,2,88821,88821,0);
INSERT INTO `web_lap` (id,taryfa,fee,start_time,stop_time,team_id,track_id,result,result_plus_fee,result_taryfa) VALUES (61,0,0,NULL,NULL,32,2,97998,97998,0);
INSERT INTO `web_lap` (id,taryfa,fee,start_time,stop_time,team_id,track_id,result,result_plus_fee,result_taryfa) VALUES (62,0,0,NULL,NULL,22,2,88607,88607,0);
INSERT INTO `web_lap` (id,taryfa,fee,start_time,stop_time,team_id,track_id,result,result_plus_fee,result_taryfa) VALUES (63,0,5,NULL,NULL,25,2,94593,99593,0);
INSERT INTO `web_lap` (id,taryfa,fee,start_time,stop_time,team_id,track_id,result,result_plus_fee,result_taryfa) VALUES (64,0,0,NULL,NULL,24,2,92863,92863,0);
INSERT INTO `web_lap` (id,taryfa,fee,start_time,stop_time,team_id,track_id,result,result_plus_fee,result_taryfa) VALUES (65,0,0,NULL,NULL,23,2,94272,94272,0);
INSERT INTO `web_lap` (id,taryfa,fee,start_time,stop_time,team_id,track_id,result,result_plus_fee,result_taryfa) VALUES (66,0,0,NULL,NULL,33,2,91971,91971,0);
INSERT INTO `web_lap` (id,taryfa,fee,start_time,stop_time,team_id,track_id,result,result_plus_fee,result_taryfa) VALUES (67,0,0,NULL,NULL,34,2,106039,106039,0);
INSERT INTO `web_lap` (id,taryfa,fee,start_time,stop_time,team_id,track_id,result,result_plus_fee,result_taryfa) VALUES (68,0,5,NULL,NULL,28,2,108334,113334,0);
INSERT INTO `web_lap` (id,taryfa,fee,start_time,stop_time,team_id,track_id,result,result_plus_fee,result_taryfa) VALUES (69,0,10,NULL,NULL,26,2,91479,101479,0);
INSERT INTO `web_lap` (id,taryfa,fee,start_time,stop_time,team_id,track_id,result,result_plus_fee,result_taryfa) VALUES (70,0,0,NULL,NULL,27,2,97360,97360,0);
INSERT INTO `web_lap` (id,taryfa,fee,start_time,stop_time,team_id,track_id,result,result_plus_fee,result_taryfa) VALUES (71,0,0,NULL,NULL,36,2,92327,92327,0);
INSERT INTO `web_lap` (id,taryfa,fee,start_time,stop_time,team_id,track_id,result,result_plus_fee,result_taryfa) VALUES (72,0,0,NULL,NULL,19,2,91793,91793,0);
INSERT INTO `web_lap` (id,taryfa,fee,start_time,stop_time,team_id,track_id,result,result_plus_fee,result_taryfa) VALUES (73,0,10,NULL,NULL,37,2,86782,96782,0);
INSERT INTO `web_lap` (id,taryfa,fee,start_time,stop_time,team_id,track_id,result,result_plus_fee,result_taryfa) VALUES (74,0,0,NULL,NULL,30,3,104002,104002,0);
INSERT INTO `web_lap` (id,taryfa,fee,start_time,stop_time,team_id,track_id,result,result_plus_fee,result_taryfa) VALUES (75,0,5,NULL,NULL,3,3,91524,96524,0);
INSERT INTO `web_lap` (id,taryfa,fee,start_time,stop_time,team_id,track_id,result,result_plus_fee,result_taryfa) VALUES (76,0,0,NULL,NULL,5,3,95031,95031,0);
INSERT INTO `web_lap` (id,taryfa,fee,start_time,stop_time,team_id,track_id,result,result_plus_fee,result_taryfa) VALUES (77,0,5,NULL,NULL,8,3,96783,101783,0);
INSERT INTO `web_lap` (id,taryfa,fee,start_time,stop_time,team_id,track_id,result,result_plus_fee,result_taryfa) VALUES (78,0,0,NULL,NULL,7,3,98185,98185,0);
INSERT INTO `web_lap` (id,taryfa,fee,start_time,stop_time,team_id,track_id,result,result_plus_fee,result_taryfa) VALUES (80,0,0,NULL,NULL,35,3,97353,97353,0);
INSERT INTO `web_lap` (id,taryfa,fee,start_time,stop_time,team_id,track_id,result,result_plus_fee,result_taryfa) VALUES (81,0,0,NULL,NULL,29,3,92389,92389,0);
INSERT INTO `web_lap` (id,taryfa,fee,start_time,stop_time,team_id,track_id,result,result_plus_fee,result_taryfa) VALUES (82,0,10,NULL,NULL,37,3,112821,122821,0);
INSERT INTO `web_lap` (id,taryfa,fee,start_time,stop_time,team_id,track_id,result,result_plus_fee,result_taryfa) VALUES (83,0,0,NULL,NULL,21,3,94219,94219,0);
INSERT INTO `web_lap` (id,taryfa,fee,start_time,stop_time,team_id,track_id,result,result_plus_fee,result_taryfa) VALUES (84,0,5,NULL,NULL,31,3,94751,99751,0);
INSERT INTO `web_lap` (id,taryfa,fee,start_time,stop_time,team_id,track_id,result,result_plus_fee,result_taryfa) VALUES (85,0,0,NULL,NULL,32,3,96517,96517,0);
INSERT INTO `web_lap` (id,taryfa,fee,start_time,stop_time,team_id,track_id,result,result_plus_fee,result_taryfa) VALUES (86,0,0,NULL,NULL,22,3,85566,85566,0);
INSERT INTO `web_lap` (id,taryfa,fee,start_time,stop_time,team_id,track_id,result,result_plus_fee,result_taryfa) VALUES (87,0,0,NULL,NULL,25,3,93668,93668,0);
INSERT INTO `web_lap` (id,taryfa,fee,start_time,stop_time,team_id,track_id,result,result_plus_fee,result_taryfa) VALUES (88,0,0,NULL,NULL,24,3,88920,88920,0);
INSERT INTO `web_lap` (id,taryfa,fee,start_time,stop_time,team_id,track_id,result,result_plus_fee,result_taryfa) VALUES (89,0,0,NULL,NULL,23,3,90878,90878,0);
INSERT INTO `web_lap` (id,taryfa,fee,start_time,stop_time,team_id,track_id,result,result_plus_fee,result_taryfa) VALUES (90,0,0,NULL,NULL,33,3,90884,90884,0);
INSERT INTO `web_lap` (id,taryfa,fee,start_time,stop_time,team_id,track_id,result,result_plus_fee,result_taryfa) VALUES (91,0,0,NULL,NULL,34,3,90595,90595,0);
INSERT INTO `web_lap` (id,taryfa,fee,start_time,stop_time,team_id,track_id,result,result_plus_fee,result_taryfa) VALUES (92,0,0,NULL,NULL,28,3,95422,95422,0);
INSERT INTO `web_lap` (id,taryfa,fee,start_time,stop_time,team_id,track_id,result,result_plus_fee,result_taryfa) VALUES (93,0,0,NULL,NULL,26,3,91049,91049,0);
INSERT INTO `web_lap` (id,taryfa,fee,start_time,stop_time,team_id,track_id,result,result_plus_fee,result_taryfa) VALUES (94,0,5,NULL,NULL,27,3,94949,99949,0);
INSERT INTO `web_lap` (id,taryfa,fee,start_time,stop_time,team_id,track_id,result,result_plus_fee,result_taryfa) VALUES (95,0,0,NULL,NULL,36,3,93897,93897,0);
INSERT INTO `web_lap` (id,taryfa,fee,start_time,stop_time,team_id,track_id,result,result_plus_fee,result_taryfa) VALUES (96,0,0,NULL,NULL,19,3,96122,96122,0);
INSERT INTO `web_lap` (id,taryfa,fee,start_time,stop_time,team_id,track_id,result,result_plus_fee,result_taryfa) VALUES (97,1,0,NULL,NULL,3,4,530,530,0);
INSERT INTO `web_lap` (id,taryfa,fee,start_time,stop_time,team_id,track_id,result,result_plus_fee,result_taryfa) VALUES (98,0,0,NULL,NULL,5,4,100936,100936,0);
INSERT INTO `web_lap` (id,taryfa,fee,start_time,stop_time,team_id,track_id,result,result_plus_fee,result_taryfa) VALUES (99,0,0,NULL,NULL,20,4,96693,96693,0);
INSERT INTO `web_lap` (id,taryfa,fee,start_time,stop_time,team_id,track_id,result,result_plus_fee,result_taryfa) VALUES (100,1,0,NULL,NULL,8,4,85388,85388,0);
INSERT INTO `web_lap` (id,taryfa,fee,start_time,stop_time,team_id,track_id,result,result_plus_fee,result_taryfa) VALUES (101,0,0,NULL,NULL,7,4,105812,105812,0);
INSERT INTO `web_lap` (id,taryfa,fee,start_time,stop_time,team_id,track_id,result,result_plus_fee,result_taryfa) VALUES (102,0,5,NULL,NULL,35,4,100017,105017,0);
INSERT INTO `web_lap` (id,taryfa,fee,start_time,stop_time,team_id,track_id,result,result_plus_fee,result_taryfa) VALUES (103,0,0,NULL,NULL,29,4,97432,97432,0);
INSERT INTO `web_lap` (id,taryfa,fee,start_time,stop_time,team_id,track_id,result,result_plus_fee,result_taryfa) VALUES (104,0,0,NULL,NULL,37,4,92378,92378,0);
INSERT INTO `web_lap` (id,taryfa,fee,start_time,stop_time,team_id,track_id,result,result_plus_fee,result_taryfa) VALUES (105,0,0,NULL,NULL,21,4,97705,97705,0);
INSERT INTO `web_lap` (id,taryfa,fee,start_time,stop_time,team_id,track_id,result,result_plus_fee,result_taryfa) VALUES (106,0,0,NULL,NULL,31,4,103007,103007,0);
INSERT INTO `web_lap` (id,taryfa,fee,start_time,stop_time,team_id,track_id,result,result_plus_fee,result_taryfa) VALUES (107,0,0,NULL,NULL,32,4,98333,98333,0);
INSERT INTO `web_lap` (id,taryfa,fee,start_time,stop_time,team_id,track_id,result,result_plus_fee,result_taryfa) VALUES (108,0,0,NULL,NULL,22,4,88131,88131,0);
INSERT INTO `web_lap` (id,taryfa,fee,start_time,stop_time,team_id,track_id,result,result_plus_fee,result_taryfa) VALUES (109,0,0,NULL,NULL,25,4,95449,95449,0);
INSERT INTO `web_lap` (id,taryfa,fee,start_time,stop_time,team_id,track_id,result,result_plus_fee,result_taryfa) VALUES (110,0,5,NULL,NULL,23,4,94260,99260,0);
INSERT INTO `web_lap` (id,taryfa,fee,start_time,stop_time,team_id,track_id,result,result_plus_fee,result_taryfa) VALUES (111,0,0,NULL,NULL,24,4,92767,92767,0);
INSERT INTO `web_lap` (id,taryfa,fee,start_time,stop_time,team_id,track_id,result,result_plus_fee,result_taryfa) VALUES (112,0,0,NULL,NULL,33,4,91743,91743,0);
INSERT INTO `web_lap` (id,taryfa,fee,start_time,stop_time,team_id,track_id,result,result_plus_fee,result_taryfa) VALUES (113,0,5,NULL,NULL,34,4,92054,97054,0);
INSERT INTO `web_lap` (id,taryfa,fee,start_time,stop_time,team_id,track_id,result,result_plus_fee,result_taryfa) VALUES (114,0,0,NULL,NULL,28,4,95893,95893,0);
INSERT INTO `web_lap` (id,taryfa,fee,start_time,stop_time,team_id,track_id,result,result_plus_fee,result_taryfa) VALUES (115,0,0,NULL,NULL,26,4,90719,90719,0);
INSERT INTO `web_lap` (id,taryfa,fee,start_time,stop_time,team_id,track_id,result,result_plus_fee,result_taryfa) VALUES (116,0,0,NULL,NULL,27,4,94342,94342,0);
INSERT INTO `web_lap` (id,taryfa,fee,start_time,stop_time,team_id,track_id,result,result_plus_fee,result_taryfa) VALUES (117,0,0,NULL,NULL,36,4,95364,95364,0);
INSERT INTO `web_lap` (id,taryfa,fee,start_time,stop_time,team_id,track_id,result,result_plus_fee,result_taryfa) VALUES (118,0,0,NULL,NULL,20,3,93421,93421,0);
INSERT INTO `web_lap` (id,taryfa,fee,start_time,stop_time,team_id,track_id,result,result_plus_fee,result_taryfa) VALUES (119,0,0,NULL,NULL,30,5,102711,102711,0);
INSERT INTO `web_lap` (id,taryfa,fee,start_time,stop_time,team_id,track_id,result,result_plus_fee,result_taryfa) VALUES (120,0,0,NULL,NULL,5,5,95931,95931,0);
INSERT INTO `web_lap` (id,taryfa,fee,start_time,stop_time,team_id,track_id,result,result_plus_fee,result_taryfa) VALUES (121,0,0,NULL,NULL,7,5,98654,98654,0);
INSERT INTO `web_lap` (id,taryfa,fee,start_time,stop_time,team_id,track_id,result,result_plus_fee,result_taryfa) VALUES (122,0,0,NULL,NULL,20,5,93153,93153,0);
INSERT INTO `web_lap` (id,taryfa,fee,start_time,stop_time,team_id,track_id,result,result_plus_fee,result_taryfa) VALUES (123,0,0,NULL,NULL,29,5,92974,92974,0);
INSERT INTO `web_lap` (id,taryfa,fee,start_time,stop_time,team_id,track_id,result,result_plus_fee,result_taryfa) VALUES (124,0,0,NULL,NULL,37,5,89029,89029,0);
INSERT INTO `web_lap` (id,taryfa,fee,start_time,stop_time,team_id,track_id,result,result_plus_fee,result_taryfa) VALUES (125,0,0,NULL,NULL,21,5,92749,92749,0);
INSERT INTO `web_lap` (id,taryfa,fee,start_time,stop_time,team_id,track_id,result,result_plus_fee,result_taryfa) VALUES (126,0,0,NULL,NULL,31,5,88518,88518,0);
INSERT INTO `web_lap` (id,taryfa,fee,start_time,stop_time,team_id,track_id,result,result_plus_fee,result_taryfa) VALUES (127,0,0,NULL,NULL,22,5,86505,86505,0);
INSERT INTO `web_lap` (id,taryfa,fee,start_time,stop_time,team_id,track_id,result,result_plus_fee,result_taryfa) VALUES (128,1,0,NULL,NULL,25,5,123211,123211,0);
INSERT INTO `web_lap` (id,taryfa,fee,start_time,stop_time,team_id,track_id,result,result_plus_fee,result_taryfa) VALUES (129,0,0,NULL,NULL,23,5,90514,90514,0);
INSERT INTO `web_lap` (id,taryfa,fee,start_time,stop_time,team_id,track_id,result,result_plus_fee,result_taryfa) VALUES (130,0,0,NULL,NULL,33,5,89988,89988,0);
INSERT INTO `web_lap` (id,taryfa,fee,start_time,stop_time,team_id,track_id,result,result_plus_fee,result_taryfa) VALUES (131,0,0,NULL,NULL,24,5,94372,94372,0);
INSERT INTO `web_lap` (id,taryfa,fee,start_time,stop_time,team_id,track_id,result,result_plus_fee,result_taryfa) VALUES (132,0,0,NULL,NULL,34,5,90945,90945,0);
INSERT INTO `web_lap` (id,taryfa,fee,start_time,stop_time,team_id,track_id,result,result_plus_fee,result_taryfa) VALUES (133,0,5,NULL,NULL,26,5,89613,94613,0);
INSERT INTO `web_lap` (id,taryfa,fee,start_time,stop_time,team_id,track_id,result,result_plus_fee,result_taryfa) VALUES (134,0,0,NULL,NULL,27,5,96459,96459,0);
INSERT INTO `web_lap` (id,taryfa,fee,start_time,stop_time,team_id,track_id,result,result_plus_fee,result_taryfa) VALUES (135,0,5,NULL,NULL,36,5,94433,99433,0);
INSERT INTO `web_lap` (id,taryfa,fee,start_time,stop_time,team_id,track_id,result,result_plus_fee,result_taryfa) VALUES (136,0,0,NULL,NULL,19,5,90557,90557,0);
CREATE TABLE `web_carclass` (`id` integer NOT NULL PRIMARY KEY AUTO_INCREMENT, `name` varchar(24) NOT NULL, `type` varchar(24) NOT NULL, `cap_min` decimal NOT NULL, `cap_max` decimal NOT NULL);
INSERT INTO `web_carclass` (id,name,type,cap_min,cap_max) VALUES (1,'Klasa_1','Capacity',0,903);
INSERT INTO `web_carclass` (id,name,type,cap_min,cap_max) VALUES (2,'klasa_2','Capacity',904,1400);
INSERT INTO `web_carclass` (id,name,type,cap_min,cap_max) VALUES (3,'Klasa_3','Capacity',1401,1700);
INSERT INTO `web_carclass` (id,name,type,cap_min,cap_max) VALUES (4,'Klasa_4','Capacity',1701,2000);
INSERT INTO `web_carclass` (id,name,type,cap_min,cap_max) VALUES (5,'Klasa_5','Capacity',2001,999999999);
CREATE TABLE `web_car` (`id` integer NOT NULL PRIMARY KEY AUTO_INCREMENT, `manufacurer` varchar(24) NOT NULL, `model` varchar(24) NOT NULL, `desc` varchar(24) NOT NULL, `engine_model` varchar(24) NULL, `fuel` varchar(24) NOT NULL, `accel_type` varchar(24) NULL, `power` decimal NULL, `engine_capacity` decimal NOT NULL, `wankel` bool NOT NULL, `hybrid` bool NOT NULL, `torque` decimal NULL);
INSERT INTO `web_car` (id,manufacurer,model,desc,engine_model,fuel,accel_type,power,engine_capacity,wankel,hybrid,torque) VALUES (1,'Fiat','126p','maluch',NULL,'gasoline',NULL,NULL,650,0,0,NULL);
INSERT INTO `web_car` (id,manufacurer,model,desc,engine_model,fuel,accel_type,power,engine_capacity,wankel,hybrid,torque) VALUES (2,'Honda','Civic','-',NULL,'gasoline',NULL,NULL,1400,0,0,NULL);
INSERT INTO `web_car` (id,manufacurer,model,desc,engine_model,fuel,accel_type,power,engine_capacity,wankel,hybrid,torque) VALUES (3,'Fiat','Cinquecento','-',NULL,'gasoline',NULL,NULL,1200,0,0,NULL);
INSERT INTO `web_car` (id,manufacurer,model,desc,engine_model,fuel,accel_type,power,engine_capacity,wankel,hybrid,torque) VALUES (4,'Fiat','Seicento','-',NULL,'gasoline',NULL,NULL,1100,0,0,NULL);
INSERT INTO `web_car` (id,manufacurer,model,desc,engine_model,fuel,accel_type,power,engine_capacity,wankel,hybrid,torque) VALUES (5,'Ford','Ka','-',NULL,'gasoline',NULL,NULL,1000,0,0,NULL);
INSERT INTO `web_car` (id,manufacurer,model,desc,engine_model,fuel,accel_type,power,engine_capacity,wankel,hybrid,torque) VALUES (6,'Volkswagen','Lupo','-',NULL,'gasoline',NULL,NULL,1600,0,0,NULL);
INSERT INTO `web_car` (id,manufacurer,model,desc,engine_model,fuel,accel_type,power,engine_capacity,wankel,hybrid,torque) VALUES (7,'Renault','Clio','-',NULL,'gasoline',NULL,NULL,1600,0,0,NULL);
INSERT INTO `web_car` (id,manufacurer,model,desc,engine_model,fuel,accel_type,power,engine_capacity,wankel,hybrid,torque) VALUES (8,'Seat','Ibiza','-',NULL,'gasoline',NULL,NULL,2000,0,0,NULL);
INSERT INTO `web_car` (id,manufacurer,model,desc,engine_model,fuel,accel_type,power,engine_capacity,wankel,hybrid,torque) VALUES (9,'Alfa Romeo','156','-',NULL,'gasoline',NULL,NULL,2000,0,0,NULL);
INSERT INTO `web_car` (id,manufacurer,model,desc,engine_model,fuel,accel_type,power,engine_capacity,wankel,hybrid,torque) VALUES (10,'Volkswagen','Golf GTI','-',NULL,'gasoline',NULL,NULL,2000,0,0,NULL);
INSERT INTO `web_car` (id,manufacurer,model,desc,engine_model,fuel,accel_type,power,engine_capacity,wankel,hybrid,torque) VALUES (11,'Volkswagen','Polo','-',NULL,'gasoline',NULL,NULL,2400,0,0,NULL);
INSERT INTO `web_car` (id,manufacurer,model,desc,engine_model,fuel,accel_type,power,engine_capacity,wankel,hybrid,torque) VALUES (12,'BMW','E36','-',NULL,'gasoline',NULL,NULL,2500,0,0,NULL);
INSERT INTO `web_car` (id,manufacurer,model,desc,engine_model,fuel,accel_type,power,engine_capacity,wankel,hybrid,torque) VALUES (13,'audi','a7','3.0 tdi',NULL,'diesel','Turbocharged',NULL,2999,0,0,NULL);
INSERT INTO `web_car` (id,manufacurer,model,desc,engine_model,fuel,accel_type,power,engine_capacity,wankel,hybrid,torque) VALUES (14,'BMW','x3','-',NULL,'diesel',NULL,NULL,2400,0,0,NULL);
INSERT INTO `web_car` (id,manufacurer,model,desc,engine_model,fuel,accel_type,power,engine_capacity,wankel,hybrid,torque) VALUES (15,'Opel','Astra','-',NULL,'gasoline',NULL,NULL,988,0,0,NULL);
INSERT INTO `web_car` (id,manufacurer,model,desc,engine_model,fuel,accel_type,power,engine_capacity,wankel,hybrid,torque) VALUES (16,'Skoda','Octavia','-',NULL,'gasoline','Turbocharged',NULL,200,0,0,NULL);
INSERT INTO `web_car` (id,manufacurer,model,desc,engine_model,fuel,accel_type,power,engine_capacity,wankel,hybrid,torque) VALUES (17,'Ford','Focus','-',NULL,'gasoline','Turbocharged',NULL,7876,0,0,NULL);
INSERT INTO `web_car` (id,manufacurer,model,desc,engine_model,fuel,accel_type,power,engine_capacity,wankel,hybrid,torque) VALUES (18,'Audi','A6','-',NULL,'gasoline',NULL,NULL,67686,0,0,NULL);
INSERT INTO `web_car` (id,manufacurer,model,desc,engine_model,fuel,accel_type,power,engine_capacity,wankel,hybrid,torque) VALUES (19,'Suzuki','Swift','-',NULL,'gasoline',NULL,NULL,1000,0,0,NULL);
CREATE TABLE `django_session` (`session_key` varchar(40) NOT NULL PRIMARY KEY, `session_data` text NOT NULL, `expire_date` datetime NOT NULL);
INSERT INTO `django_session` (session_key,session_data,expire_date) VALUES ('y60dk9n6y0gg4kgijbvf56pi5aw879uw','MGZiYWUxY2M4NjVlY2FkODYyZGMyOWI2MDRlYjU5MmU4MjRjOTk5MDp7Il9hdXRoX3VzZXJfaWQiOiIxIiwiX2F1dGhfdXNlcl9iYWNrZW5kIjoiZGphbmdvLmNvbnRyaWIuYXV0aC5iYWNrZW5kcy5Nb2RlbEJhY2tlbmQiLCJfYXV0aF91c2VyX2hhc2giOiJiOTE4MjA5ODg3YzRlNTZmZjAzMGJhZjhhOGZhMGFmYTBhOWJlOWIyIiwiY2hvc2VuX3JhY2VfaWQiOjEsImNob3Nlbl9yYWNlX25hbWUiOiJUcmVuaW5nIFJ1c29jaW4gMTAuMTIuMjAxNyIsImN1cnJlbnRfdHJhY2tfaWQiOjIsImN1cnJlbnRfdHJhY2tfbmFtZSI6IlAyIn0=','2017-12-22 09:18:42.561214');
INSERT INTO `django_session` (session_key,session_data,expire_date) VALUES ('h6bdldbh36q879ujbhkmirwp9x2zpmyu','NWIxZTgyM2EzOWQxODY1ZDI5YzYwZTgzZTI4OGU2ZTdhYzI5NDM1NTp7ImNob3Nlbl9yYWNlX2lkIjoxLCJjaG9zZW5fcmFjZV9uYW1lIjoiVHJlbmluZyBSdXNvY2luIDEwLjEyLjIwMTcifQ==','2017-12-22 10:16:38.703559');
INSERT INTO `django_session` (session_key,session_data,expire_date) VALUES ('8nwk4lcjv4r26775af3sdlfswqolcudy','NWIxZTgyM2EzOWQxODY1ZDI5YzYwZTgzZTI4OGU2ZTdhYzI5NDM1NTp7ImNob3Nlbl9yYWNlX2lkIjoxLCJjaG9zZW5fcmFjZV9uYW1lIjoiVHJlbmluZyBSdXNvY2luIDEwLjEyLjIwMTcifQ==','2017-12-22 10:26:59.949781');
INSERT INTO `django_session` (session_key,session_data,expire_date) VALUES ('ejcvfrf7pxmguwced7nawsaudrv7mv4x','MzJiNzYzMDljNjgzNTRiNzMxZmExZjIyN2QyZThmZmM1ZGE3OGU2YTp7ImNob3Nlbl9yYWNlX2lkIjoxLCJjaG9zZW5fcmFjZV9uYW1lIjoiVHJlbmluZyBSdXNvY2luIDEwLjEyLjIwMTciLCJfYXV0aF91c2VyX2lkIjoiMiIsIl9hdXRoX3VzZXJfYmFja2VuZCI6ImRqYW5nby5jb250cmliLmF1dGguYmFja2VuZHMuTW9kZWxCYWNrZW5kIiwiX2F1dGhfdXNlcl9oYXNoIjoiYTYyMzQ4MTFlOGYyMmU0MDhmMThmYjhkZjg3YzgwZjcwNjRiMzA4YSJ9','2017-12-22 10:47:10.513656');
INSERT INTO `django_session` (session_key,session_data,expire_date) VALUES ('07kz9vjfab9bg5ouqom5flux5kp89vgr','NjhlNWRlYzNiYzczNGE2MWM0ZmQwODhjODBiNDhiMmY2YTRlZjI2YTp7Il9hdXRoX3VzZXJfaWQiOiIxIiwiX2F1dGhfdXNlcl9iYWNrZW5kIjoiZGphbmdvLmNvbnRyaWIuYXV0aC5iYWNrZW5kcy5Nb2RlbEJhY2tlbmQiLCJfYXV0aF91c2VyX2hhc2giOiJiOTE4MjA5ODg3YzRlNTZmZjAzMGJhZjhhOGZhMGFmYTBhOWJlOWIyIiwiY2hvc2VuX3JhY2VfaWQiOjEsImNob3Nlbl9yYWNlX25hbWUiOiJUcmVuaW5nIFJ1c29jaW4gMTAuMTIuMjAxNyIsImN1cnJlbnRfdHJhY2tfaWQiOjEsImN1cnJlbnRfdHJhY2tfbmFtZSI6IlAxIn0=','2017-12-22 12:35:15.000434');
INSERT INTO `django_session` (session_key,session_data,expire_date) VALUES ('dapyxcihraluhlinniqd11tkolku2znd','NGMyZGIxNDJlOGNlNmQxOWUxY2Q0YzNhZTAzNzA3YTdiNjBhMzMwNDp7ImNob3Nlbl9yYWNlX2lkIjoxLCJjaG9zZW5fcmFjZV9uYW1lIjoiVHJlbmluZyBSdXNvY2luIDEwLjEyLjIwMTciLCJfYXV0aF91c2VyX2lkIjoiMSIsIl9hdXRoX3VzZXJfYmFja2VuZCI6ImRqYW5nby5jb250cmliLmF1dGguYmFja2VuZHMuTW9kZWxCYWNrZW5kIiwiX2F1dGhfdXNlcl9oYXNoIjoiYjkxODIwOTg4N2M0ZTU2ZmYwMzBiYWY4YThmYTBhZmEwYTliZTliMiIsImN1cnJlbnRfdHJhY2tfaWQiOjEsImN1cnJlbnRfdHJhY2tfbmFtZSI6IlAxIn0=','2017-12-22 12:32:04.868727');
INSERT INTO `django_session` (session_key,session_data,expire_date) VALUES ('spgeok522bscna8cyhndmur1m0v26eod','NWIxZTgyM2EzOWQxODY1ZDI5YzYwZTgzZTI4OGU2ZTdhYzI5NDM1NTp7ImNob3Nlbl9yYWNlX2lkIjoxLCJjaG9zZW5fcmFjZV9uYW1lIjoiVHJlbmluZyBSdXNvY2luIDEwLjEyLjIwMTcifQ==','2017-12-22 16:02:33.345320');
INSERT INTO `django_session` (session_key,session_data,expire_date) VALUES ('tya8jzontbd7498lhqtju2qb0zjiheu2','YmI5N2Y3YjQ1ZmI2NjUxYzYyYjNkY2Y0NzkwZjM4ZGQyNWIyZjdmZjp7ImNob3Nlbl9yYWNlX2lkIjoxLCJjaG9zZW5fcmFjZV9uYW1lIjoiVHJlbmluZyBSdXNvY2luIDEwLjEyLjIwMTciLCJfYXV0aF91c2VyX2lkIjoiMSIsIl9hdXRoX3VzZXJfYmFja2VuZCI6ImRqYW5nby5jb250cmliLmF1dGguYmFja2VuZHMuTW9kZWxCYWNrZW5kIiwiX2F1dGhfdXNlcl9oYXNoIjoiYjkxODIwOTg4N2M0ZTU2ZmYwMzBiYWY4YThmYTBhZmEwYTliZTliMiIsImN1cnJlbnRfdHJhY2tfaWQiOjQsImN1cnJlbnRfdHJhY2tfbmFtZSI6IlA0In0=','2017-12-22 21:11:32.351423');
INSERT INTO `django_session` (session_key,session_data,expire_date) VALUES ('8ifu8v02k1ht0ykezi0cgus54g3i20wo','YmI5N2Y3YjQ1ZmI2NjUxYzYyYjNkY2Y0NzkwZjM4ZGQyNWIyZjdmZjp7ImNob3Nlbl9yYWNlX2lkIjoxLCJjaG9zZW5fcmFjZV9uYW1lIjoiVHJlbmluZyBSdXNvY2luIDEwLjEyLjIwMTciLCJfYXV0aF91c2VyX2lkIjoiMSIsIl9hdXRoX3VzZXJfYmFja2VuZCI6ImRqYW5nby5jb250cmliLmF1dGguYmFja2VuZHMuTW9kZWxCYWNrZW5kIiwiX2F1dGhfdXNlcl9oYXNoIjoiYjkxODIwOTg4N2M0ZTU2ZmYwMzBiYWY4YThmYTBhZmEwYTliZTliMiIsImN1cnJlbnRfdHJhY2tfaWQiOjQsImN1cnJlbnRfdHJhY2tfbmFtZSI6IlA0In0=','2017-12-23 09:30:07.071403');
INSERT INTO `django_session` (session_key,session_data,expire_date) VALUES ('h6t59c0ia4j5m4x7pp0bvnbbkifs43dv','NWIxZTgyM2EzOWQxODY1ZDI5YzYwZTgzZTI4OGU2ZTdhYzI5NDM1NTp7ImNob3Nlbl9yYWNlX2lkIjoxLCJjaG9zZW5fcmFjZV9uYW1lIjoiVHJlbmluZyBSdXNvY2luIDEwLjEyLjIwMTcifQ==','2017-12-23 11:56:19.418776');
INSERT INTO `django_session` (session_key,session_data,expire_date) VALUES ('oi6obkg4e9jb0jpbxu5qfx7nbvdidmnt','YWI5MTk4NzAxZTllYzliMWU1YWY0ZGUzMzFlZDcxODRlNWQ2ZWY0MDp7ImNob3Nlbl9yYWNlX2lkIjoxLCJjaG9zZW5fcmFjZV9uYW1lIjoiVHJlbmluZyBSdXNvY2luIDEwLjEyLjIwMTciLCJfYXV0aF91c2VyX2lkIjoiMSIsIl9hdXRoX3VzZXJfYmFja2VuZCI6ImRqYW5nby5jb250cmliLmF1dGguYmFja2VuZHMuTW9kZWxCYWNrZW5kIiwiX2F1dGhfdXNlcl9oYXNoIjoiYjkxODIwOTg4N2M0ZTU2ZmYwMzBiYWY4YThmYTBhZmEwYTliZTliMiIsImN1cnJlbnRfdHJhY2tfaWQiOjUsImN1cnJlbnRfdHJhY2tfbmFtZSI6IlA1In0=','2017-12-24 12:43:53.630879');
INSERT INTO `django_session` (session_key,session_data,expire_date) VALUES ('ohvhbtglngmlw4jkew8mwmd8zgbvgfps','NWIxZTgyM2EzOWQxODY1ZDI5YzYwZTgzZTI4OGU2ZTdhYzI5NDM1NTp7ImNob3Nlbl9yYWNlX2lkIjoxLCJjaG9zZW5fcmFjZV9uYW1lIjoiVHJlbmluZyBSdXNvY2luIDEwLjEyLjIwMTcifQ==','2017-12-24 08:32:37.354885');
INSERT INTO `django_session` (session_key,session_data,expire_date) VALUES ('mtzpz9l24ob30hhh2pypdrdv3dhyqor6','NWIxZTgyM2EzOWQxODY1ZDI5YzYwZTgzZTI4OGU2ZTdhYzI5NDM1NTp7ImNob3Nlbl9yYWNlX2lkIjoxLCJjaG9zZW5fcmFjZV9uYW1lIjoiVHJlbmluZyBSdXNvY2luIDEwLjEyLjIwMTcifQ==','2017-12-24 08:59:48.826590');
INSERT INTO `django_session` (session_key,session_data,expire_date) VALUES ('r092l208p3f43y75l6tgycuwyqav2ysh','NWIxZTgyM2EzOWQxODY1ZDI5YzYwZTgzZTI4OGU2ZTdhYzI5NDM1NTp7ImNob3Nlbl9yYWNlX2lkIjoxLCJjaG9zZW5fcmFjZV9uYW1lIjoiVHJlbmluZyBSdXNvY2luIDEwLjEyLjIwMTcifQ==','2017-12-24 09:00:05.801484');
INSERT INTO `django_session` (session_key,session_data,expire_date) VALUES ('8ea4zjuu4hxa6nrikvkw977h5itu85jq','NWIxZTgyM2EzOWQxODY1ZDI5YzYwZTgzZTI4OGU2ZTdhYzI5NDM1NTp7ImNob3Nlbl9yYWNlX2lkIjoxLCJjaG9zZW5fcmFjZV9uYW1lIjoiVHJlbmluZyBSdXNvY2luIDEwLjEyLjIwMTcifQ==','2017-12-24 09:00:33.899239');
INSERT INTO `django_session` (session_key,session_data,expire_date) VALUES ('hrzq5770lw8v8kjxr8vi15y074btsmhn','NWIxZTgyM2EzOWQxODY1ZDI5YzYwZTgzZTI4OGU2ZTdhYzI5NDM1NTp7ImNob3Nlbl9yYWNlX2lkIjoxLCJjaG9zZW5fcmFjZV9uYW1lIjoiVHJlbmluZyBSdXNvY2luIDEwLjEyLjIwMTcifQ==','2017-12-24 09:05:58.680967');
INSERT INTO `django_session` (session_key,session_data,expire_date) VALUES ('rlwtdsptaj2s8l149slbl0qldxcaex56','NWIxZTgyM2EzOWQxODY1ZDI5YzYwZTgzZTI4OGU2ZTdhYzI5NDM1NTp7ImNob3Nlbl9yYWNlX2lkIjoxLCJjaG9zZW5fcmFjZV9uYW1lIjoiVHJlbmluZyBSdXNvY2luIDEwLjEyLjIwMTcifQ==','2017-12-24 09:06:19.854673');
INSERT INTO `django_session` (session_key,session_data,expire_date) VALUES ('iqcpe6bs1iees572tz7bwztmko4u3bsq','NWIxZTgyM2EzOWQxODY1ZDI5YzYwZTgzZTI4OGU2ZTdhYzI5NDM1NTp7ImNob3Nlbl9yYWNlX2lkIjoxLCJjaG9zZW5fcmFjZV9uYW1lIjoiVHJlbmluZyBSdXNvY2luIDEwLjEyLjIwMTcifQ==','2017-12-24 09:07:25.788990');
INSERT INTO `django_session` (session_key,session_data,expire_date) VALUES ('6nd2hzk34dnt0cn5sccglxujz7kj4ao7','NWIxZTgyM2EzOWQxODY1ZDI5YzYwZTgzZTI4OGU2ZTdhYzI5NDM1NTp7ImNob3Nlbl9yYWNlX2lkIjoxLCJjaG9zZW5fcmFjZV9uYW1lIjoiVHJlbmluZyBSdXNvY2luIDEwLjEyLjIwMTcifQ==','2017-12-24 09:08:36.974420');
INSERT INTO `django_session` (session_key,session_data,expire_date) VALUES ('nklc5z4rjd95jqbgo0apqprc9wfoyysd','NWIxZTgyM2EzOWQxODY1ZDI5YzYwZTgzZTI4OGU2ZTdhYzI5NDM1NTp7ImNob3Nlbl9yYWNlX2lkIjoxLCJjaG9zZW5fcmFjZV9uYW1lIjoiVHJlbmluZyBSdXNvY2luIDEwLjEyLjIwMTcifQ==','2017-12-24 09:09:27.304845');
INSERT INTO `django_session` (session_key,session_data,expire_date) VALUES ('psjl4j0r35qlepw6r7viasl6imlv9rmw','NWIxZTgyM2EzOWQxODY1ZDI5YzYwZTgzZTI4OGU2ZTdhYzI5NDM1NTp7ImNob3Nlbl9yYWNlX2lkIjoxLCJjaG9zZW5fcmFjZV9uYW1lIjoiVHJlbmluZyBSdXNvY2luIDEwLjEyLjIwMTcifQ==','2017-12-24 09:39:46.164231');
INSERT INTO `django_session` (session_key,session_data,expire_date) VALUES ('ay87getddgspj3c3al87vesjv32hxkic','NWIxZTgyM2EzOWQxODY1ZDI5YzYwZTgzZTI4OGU2ZTdhYzI5NDM1NTp7ImNob3Nlbl9yYWNlX2lkIjoxLCJjaG9zZW5fcmFjZV9uYW1lIjoiVHJlbmluZyBSdXNvY2luIDEwLjEyLjIwMTcifQ==','2017-12-24 09:42:37.131483');
INSERT INTO `django_session` (session_key,session_data,expire_date) VALUES ('tyz7t2wzibdumglqbyi73uzdnievv81k','NWIxZTgyM2EzOWQxODY1ZDI5YzYwZTgzZTI4OGU2ZTdhYzI5NDM1NTp7ImNob3Nlbl9yYWNlX2lkIjoxLCJjaG9zZW5fcmFjZV9uYW1lIjoiVHJlbmluZyBSdXNvY2luIDEwLjEyLjIwMTcifQ==','2017-12-24 09:57:15.257671');
INSERT INTO `django_session` (session_key,session_data,expire_date) VALUES ('uzaa1kqxat75tnbiiex1ptxpk9w8fv87','NWIxZTgyM2EzOWQxODY1ZDI5YzYwZTgzZTI4OGU2ZTdhYzI5NDM1NTp7ImNob3Nlbl9yYWNlX2lkIjoxLCJjaG9zZW5fcmFjZV9uYW1lIjoiVHJlbmluZyBSdXNvY2luIDEwLjEyLjIwMTcifQ==','2017-12-24 10:00:20.417001');
INSERT INTO `django_session` (session_key,session_data,expire_date) VALUES ('4w6zauix5ar0ctxy9gc9p5ps66pvjo2o','NWIxZTgyM2EzOWQxODY1ZDI5YzYwZTgzZTI4OGU2ZTdhYzI5NDM1NTp7ImNob3Nlbl9yYWNlX2lkIjoxLCJjaG9zZW5fcmFjZV9uYW1lIjoiVHJlbmluZyBSdXNvY2luIDEwLjEyLjIwMTcifQ==','2017-12-24 10:26:45.147683');
INSERT INTO `django_session` (session_key,session_data,expire_date) VALUES ('xsbcx6ctf5nubk86ymkcd14gy8jwqs16','NWIxZTgyM2EzOWQxODY1ZDI5YzYwZTgzZTI4OGU2ZTdhYzI5NDM1NTp7ImNob3Nlbl9yYWNlX2lkIjoxLCJjaG9zZW5fcmFjZV9uYW1lIjoiVHJlbmluZyBSdXNvY2luIDEwLjEyLjIwMTcifQ==','2017-12-24 11:44:31.075494');
INSERT INTO `django_session` (session_key,session_data,expire_date) VALUES ('dfztkidqtovt9rnvwajibh2bhx5ed3ev','NWIxZTgyM2EzOWQxODY1ZDI5YzYwZTgzZTI4OGU2ZTdhYzI5NDM1NTp7ImNob3Nlbl9yYWNlX2lkIjoxLCJjaG9zZW5fcmFjZV9uYW1lIjoiVHJlbmluZyBSdXNvY2luIDEwLjEyLjIwMTcifQ==','2017-12-24 11:48:50.709560');
INSERT INTO `django_session` (session_key,session_data,expire_date) VALUES ('ai8a5m1x63iw5xhqa2blt6tijdbu3ila','NWIxZTgyM2EzOWQxODY1ZDI5YzYwZTgzZTI4OGU2ZTdhYzI5NDM1NTp7ImNob3Nlbl9yYWNlX2lkIjoxLCJjaG9zZW5fcmFjZV9uYW1lIjoiVHJlbmluZyBSdXNvY2luIDEwLjEyLjIwMTcifQ==','2017-12-24 11:56:31.883500');
INSERT INTO `django_session` (session_key,session_data,expire_date) VALUES ('bh4pg3odt8fs0azvjq60fmjunj2la262','NWIxZTgyM2EzOWQxODY1ZDI5YzYwZTgzZTI4OGU2ZTdhYzI5NDM1NTp7ImNob3Nlbl9yYWNlX2lkIjoxLCJjaG9zZW5fcmFjZV9uYW1lIjoiVHJlbmluZyBSdXNvY2luIDEwLjEyLjIwMTcifQ==','2017-12-24 11:57:16.563753');
INSERT INTO `django_session` (session_key,session_data,expire_date) VALUES ('pd0zo9ee99fjz0sslz9gxzjzvoa4vhh8','NWIxZTgyM2EzOWQxODY1ZDI5YzYwZTgzZTI4OGU2ZTdhYzI5NDM1NTp7ImNob3Nlbl9yYWNlX2lkIjoxLCJjaG9zZW5fcmFjZV9uYW1lIjoiVHJlbmluZyBSdXNvY2luIDEwLjEyLjIwMTcifQ==','2017-12-24 12:11:57.293970');
INSERT INTO `django_session` (session_key,session_data,expire_date) VALUES ('j0yifdzjwr5hj6qwiwsuzd8n1zpgv0p6','NWIxZTgyM2EzOWQxODY1ZDI5YzYwZTgzZTI4OGU2ZTdhYzI5NDM1NTp7ImNob3Nlbl9yYWNlX2lkIjoxLCJjaG9zZW5fcmFjZV9uYW1lIjoiVHJlbmluZyBSdXNvY2luIDEwLjEyLjIwMTcifQ==','2017-12-24 13:46:49.299813');
INSERT INTO `django_session` (session_key,session_data,expire_date) VALUES ('qxm2ge7cmmzb905e7wf2iq7r90sofv98','ZDEzZmUxMDg3MmIwN2JjMjQxODBkYjExY2NkMDkxMGIwYTUxNjY4Yjp7ImNob3Nlbl9yYWNlX2lkIjoxLCJjaG9zZW5fcmFjZV9uYW1lIjoiVHJlbmluZyBSdXNvY2luIDEwLjEyLjIwMTcifQ==','2017-12-25 06:59:37.987768');
CREATE TABLE `django_migrations` (`id` integer NOT NULL PRIMARY KEY AUTO_INCREMENT, `app` varchar(255) NOT NULL, `name` varchar(255) NOT NULL, `applied` datetime NOT NULL);
INSERT INTO `django_migrations` (id,app,name,applied) VALUES (1,'contenttypes','0001_initial','2017-12-08 07:32:55.543818');
INSERT INTO `django_migrations` (id,app,name,applied) VALUES (2,'auth','0001_initial','2017-12-08 07:32:55.702390');
INSERT INTO `django_migrations` (id,app,name,applied) VALUES (3,'admin','0001_initial','2017-12-08 07:32:55.921565');
INSERT INTO `django_migrations` (id,app,name,applied) VALUES (4,'admin','0002_logentry_remove_auto_add','2017-12-08 07:32:56.104827');
INSERT INTO `django_migrations` (id,app,name,applied) VALUES (5,'contenttypes','0002_remove_content_type_name','2017-12-08 07:32:56.297263');
INSERT INTO `django_migrations` (id,app,name,applied) VALUES (6,'auth','0002_alter_permission_name_max_length','2017-12-08 07:32:56.463143');
INSERT INTO `django_migrations` (id,app,name,applied) VALUES (7,'auth','0003_alter_user_email_max_length','2017-12-08 07:32:56.604767');
INSERT INTO `django_migrations` (id,app,name,applied) VALUES (8,'auth','0004_alter_user_username_opts','2017-12-08 07:32:56.794944');
INSERT INTO `django_migrations` (id,app,name,applied) VALUES (9,'auth','0005_alter_user_last_login_null','2017-12-08 07:32:56.911046');
INSERT INTO `django_migrations` (id,app,name,applied) VALUES (10,'auth','0006_require_contenttypes_0002','2017-12-08 07:32:56.980864');
INSERT INTO `django_migrations` (id,app,name,applied) VALUES (11,'auth','0007_alter_validators_add_error_messages','2017-12-08 07:32:57.102045');
INSERT INTO `django_migrations` (id,app,name,applied) VALUES (12,'auth','0008_alter_user_username_max_length','2017-12-08 07:32:57.545940');
INSERT INTO `django_migrations` (id,app,name,applied) VALUES (13,'auth','0009_alter_user_last_name_max_length','2017-12-08 07:32:57.881826');
INSERT INTO `django_migrations` (id,app,name,applied) VALUES (14,'sessions','0001_initial','2017-12-08 07:32:57.999842');
INSERT INTO `django_migrations` (id,app,name,applied) VALUES (15,'web','0001_initial','2017-12-08 07:32:58.218597');
INSERT INTO `django_migrations` (id,app,name,applied) VALUES (16,'web','0002_auto_20171204_1234','2017-12-08 07:32:58.376835');
INSERT INTO `django_migrations` (id,app,name,applied) VALUES (17,'web','0003_auto_20171204_1243','2017-12-08 07:32:58.568588');
INSERT INTO `django_migrations` (id,app,name,applied) VALUES (18,'web','0004_car_car_class','2017-12-08 07:32:58.753654');
INSERT INTO `django_migrations` (id,app,name,applied) VALUES (19,'web','0005_auto_20171205_0753','2017-12-08 07:32:58.929056');
INSERT INTO `django_migrations` (id,app,name,applied) VALUES (20,'web','0006_lap_result','2017-12-08 07:32:59.059671');
INSERT INTO `django_migrations` (id,app,name,applied) VALUES (21,'web','0007_auto_20171206_1121','2017-12-08 07:32:59.169290');
INSERT INTO `django_migrations` (id,app,name,applied) VALUES (22,'web','0008_auto_20171206_1125','2017-12-08 07:32:59.308259');
INSERT INTO `django_migrations` (id,app,name,applied) VALUES (23,'web','0009_remove_lap_loop','2017-12-08 07:32:59.449253');
INSERT INTO `django_migrations` (id,app,name,applied) VALUES (24,'web','0010_auto_20171207_1108','2017-12-08 07:32:59.606837');
INSERT INTO `django_migrations` (id,app,name,applied) VALUES (25,'web','0011_auto_20171207_1641','2017-12-08 07:32:59.756183');
CREATE TABLE `django_content_type` (`id` integer NOT NULL PRIMARY KEY AUTO_INCREMENT, `app_label` varchar(100) NOT NULL, `model` varchar(100) NOT NULL);
INSERT INTO `django_content_type` (id,app_label,model) VALUES (1,'web','car');
INSERT INTO `django_content_type` (id,app_label,model) VALUES (2,'web','carclass');
INSERT INTO `django_content_type` (id,app_label,model) VALUES (3,'web','lap');
INSERT INTO `django_content_type` (id,app_label,model) VALUES (4,'web','person');
INSERT INTO `django_content_type` (id,app_label,model) VALUES (5,'web','race');
INSERT INTO `django_content_type` (id,app_label,model) VALUES (6,'web','team');
INSERT INTO `django_content_type` (id,app_label,model) VALUES (7,'web','track');
INSERT INTO `django_content_type` (id,app_label,model) VALUES (8,'admin','logentry');
INSERT INTO `django_content_type` (id,app_label,model) VALUES (9,'auth','permission');
INSERT INTO `django_content_type` (id,app_label,model) VALUES (10,'auth','group');
INSERT INTO `django_content_type` (id,app_label,model) VALUES (11,'auth','user');
INSERT INTO `django_content_type` (id,app_label,model) VALUES (12,'contenttypes','contenttype');
INSERT INTO `django_content_type` (id,app_label,model) VALUES (13,'sessions','session');
CREATE TABLE `django_admin_log` (`id` integer NOT NULL PRIMARY KEY AUTO_INCREMENT, `object_id` text NULL, `object_repr` varchar(200) NOT NULL, `action_flag` smallint unsigned NOT NULL, `change_message` text NOT NULL, `content_type_id` integer NULL REFERENCES `django_content_type` (`id`) DEFERRABLE INITIALLY DEFERRED, `user_id` integer NOT NULL REFERENCES `auth_user` (`id`) DEFERRABLE INITIALLY DEFERRED, `action_time` datetime NOT NULL);
INSERT INTO `django_admin_log` (id,object_id,object_repr,action_flag,change_message,content_type_id,user_id,action_time) VALUES (1,'1','Klasa_1',1,'[{`added`: {}}]',2,1,'2017-12-08 08:45:52.591803');
INSERT INTO `django_admin_log` (id,object_id,object_repr,action_flag,change_message,content_type_id,user_id,action_time) VALUES (2,'2','klasa_2',1,'[{`added`: {}}]',2,1,'2017-12-08 08:46:07.746861');
INSERT INTO `django_admin_log` (id,object_id,object_repr,action_flag,change_message,content_type_id,user_id,action_time) VALUES (3,'3','Klasa_3',1,'[{`added`: {}}]',2,1,'2017-12-08 08:46:21.467111');
INSERT INTO `django_admin_log` (id,object_id,object_repr,action_flag,change_message,content_type_id,user_id,action_time) VALUES (4,'4','Klasa_4',1,'[{`added`: {}}]',2,1,'2017-12-08 08:46:34.737256');
INSERT INTO `django_admin_log` (id,object_id,object_repr,action_flag,change_message,content_type_id,user_id,action_time) VALUES (5,'5','Klasa_5',1,'[{`added`: {}}]',2,1,'2017-12-08 08:46:49.151868');
INSERT INTO `django_admin_log` (id,object_id,object_repr,action_flag,change_message,content_type_id,user_id,action_time) VALUES (6,'1','Trening Rusocin 10.12.2017',1,'[{`added`: {}}]',5,1,'2017-12-08 08:47:35.331604');
INSERT INTO `django_admin_log` (id,object_id,object_repr,action_flag,change_message,content_type_id,user_id,action_time) VALUES (7,'1','Oleś - (None)',1,'[{`added`: {}}]',4,1,'2017-12-08 08:48:04.200968');
INSERT INTO `django_admin_log` (id,object_id,object_repr,action_flag,change_message,content_type_id,user_id,action_time) VALUES (8,'1','Fiat 126p 0.6',1,'[{`added`: {}}]',1,1,'2017-12-08 08:48:28.706348');
INSERT INTO `django_admin_log` (id,object_id,object_repr,action_flag,change_message,content_type_id,user_id,action_time) VALUES (9,'1','1: O.-',1,'[{`added`: {}}]',6,1,'2017-12-08 08:48:35.050978');
INSERT INTO `django_admin_log` (id,object_id,object_repr,action_flag,change_message,content_type_id,user_id,action_time) VALUES (10,'1','. Oleś (None)',2,'[{`changed`: {`fields`: [`name`, `surname`]}}]',4,1,'2017-12-08 08:48:53.129183');
INSERT INTO `django_admin_log` (id,object_id,object_repr,action_flag,change_message,content_type_id,user_id,action_time) VALUES (11,'1','1: ..Oleś',2,'[]',6,1,'2017-12-08 08:48:54.771105');
INSERT INTO `django_admin_log` (id,object_id,object_repr,action_flag,change_message,content_type_id,user_id,action_time) VALUES (12,'2','P Popek (None)',1,'[{`added`: {}}]',4,1,'2017-12-08 08:49:26.117562');
INSERT INTO `django_admin_log` (id,object_id,object_repr,action_flag,change_message,content_type_id,user_id,action_time) VALUES (13,'2','Honda Civic 1.4',1,'[{`added`: {}}]',1,1,'2017-12-08 08:49:54.919957');
INSERT INTO `django_admin_log` (id,object_id,object_repr,action_flag,change_message,content_type_id,user_id,action_time) VALUES (14,'2','2: P.Popek',1,'[{`added`: {}}]',6,1,'2017-12-08 08:50:01.049646');
INSERT INTO `django_admin_log` (id,object_id,object_repr,action_flag,change_message,content_type_id,user_id,action_time) VALUES (15,'3','S Popek (None)',1,'[{`added`: {}}]',4,1,'2017-12-08 08:50:15.078666');
INSERT INTO `django_admin_log` (id,object_id,object_repr,action_flag,change_message,content_type_id,user_id,action_time) VALUES (16,'3','1: S.Popek',1,'[{`added`: {}}]',6,1,'2017-12-08 08:50:23.351751');
INSERT INTO `django_admin_log` (id,object_id,object_repr,action_flag,change_message,content_type_id,user_id,action_time) VALUES (17,'4','M Slawkowski (mslawkowski)',1,'[{`added`: {}}]',4,1,'2017-12-08 08:50:53.751546');
INSERT INTO `django_admin_log` (id,object_id,object_repr,action_flag,change_message,content_type_id,user_id,action_time) VALUES (18,'3','Fiat Cinquecento 1.2',1,'[{`added`: {}}]',1,1,'2017-12-08 08:51:14.789300');
INSERT INTO `django_admin_log` (id,object_id,object_repr,action_flag,change_message,content_type_id,user_id,action_time) VALUES (19,'4','4: M.Slawkowski',1,'[{`added`: {}}]',6,1,'2017-12-08 08:51:21.029424');
INSERT INTO `django_admin_log` (id,object_id,object_repr,action_flag,change_message,content_type_id,user_id,action_time) VALUES (20,'5','P - (Pawel)',1,'[{`added`: {}}]',4,1,'2017-12-08 08:51:47.804593');
INSERT INTO `django_admin_log` (id,object_id,object_repr,action_flag,change_message,content_type_id,user_id,action_time) VALUES (21,'4','Fiat Seicento 1.1',1,'[{`added`: {}}]',1,1,'2017-12-08 08:52:08.731667');
INSERT INTO `django_admin_log` (id,object_id,object_repr,action_flag,change_message,content_type_id,user_id,action_time) VALUES (22,'5','5: P.-',1,'[{`added`: {}}]',6,1,'2017-12-08 08:52:12.158412');
INSERT INTO `django_admin_log` (id,object_id,object_repr,action_flag,change_message,content_type_id,user_id,action_time) VALUES (23,'6','- Sałen (None)',1,'[{`added`: {}}]',4,1,'2017-12-08 08:52:28.004488');
INSERT INTO `django_admin_log` (id,object_id,object_repr,action_flag,change_message,content_type_id,user_id,action_time) VALUES (24,'6','6: -.Sałen',1,'[{`added`: {}}]',6,1,'2017-12-08 08:52:38.440495');
INSERT INTO `django_admin_log` (id,object_id,object_repr,action_flag,change_message,content_type_id,user_id,action_time) VALUES (25,'7','Bartosz Dempc (None)',1,'[{`added`: {}}]',4,1,'2017-12-08 08:53:06.215695');
INSERT INTO `django_admin_log` (id,object_id,object_repr,action_flag,change_message,content_type_id,user_id,action_time) VALUES (26,'7','7: B.Dempc',1,'[{`added`: {}}]',6,1,'2017-12-08 08:53:12.017766');
INSERT INTO `django_admin_log` (id,object_id,object_repr,action_flag,change_message,content_type_id,user_id,action_time) VALUES (27,'8','Paula - (Paula)',1,'[{`added`: {}}]',4,1,'2017-12-08 08:53:34.998675');
INSERT INTO `django_admin_log` (id,object_id,object_repr,action_flag,change_message,content_type_id,user_id,action_time) VALUES (28,'8','8: P.-',1,'[{`added`: {}}]',6,1,'2017-12-08 08:53:45.502456');
INSERT INTO `django_admin_log` (id,object_id,object_repr,action_flag,change_message,content_type_id,user_id,action_time) VALUES (29,'9','Tomek . (Tomek)',1,'[{`added`: {}}]',4,1,'2017-12-08 08:54:04.572362');
INSERT INTO `django_admin_log` (id,object_id,object_repr,action_flag,change_message,content_type_id,user_id,action_time) VALUES (30,'5','Ford Ka 1.0',1,'[{`added`: {}}]',1,1,'2017-12-08 08:54:27.986576');
INSERT INTO `django_admin_log` (id,object_id,object_repr,action_flag,change_message,content_type_id,user_id,action_time) VALUES (31,'9','9: T..',1,'[{`added`: {}}]',6,1,'2017-12-08 08:54:32.211832');
INSERT INTO `django_admin_log` (id,object_id,object_repr,action_flag,change_message,content_type_id,user_id,action_time) VALUES (32,'10','Ł - (Łukasz)',1,'[{`added`: {}}]',4,1,'2017-12-08 08:54:51.702369');
INSERT INTO `django_admin_log` (id,object_id,object_repr,action_flag,change_message,content_type_id,user_id,action_time) VALUES (33,'6','Volkswagen Lupo 1.6',1,'[{`added`: {}}]',1,1,'2017-12-08 08:55:16.392742');
INSERT INTO `django_admin_log` (id,object_id,object_repr,action_flag,change_message,content_type_id,user_id,action_time) VALUES (34,'10','10: Ł.-',1,'[{`added`: {}}]',6,1,'2017-12-08 08:55:23.411097');
INSERT INTO `django_admin_log` (id,object_id,object_repr,action_flag,change_message,content_type_id,user_id,action_time) VALUES (35,'11','M - (Mariusz)',1,'[{`added`: {}}]',4,1,'2017-12-08 08:55:35.960654');
INSERT INTO `django_admin_log` (id,object_id,object_repr,action_flag,change_message,content_type_id,user_id,action_time) VALUES (36,'7','Renault Clio 1.6',1,'[{`added`: {}}]',1,1,'2017-12-08 08:56:02.518010');
INSERT INTO `django_admin_log` (id,object_id,object_repr,action_flag,change_message,content_type_id,user_id,action_time) VALUES (37,'11','11: M.-',1,'[{`added`: {}}]',6,1,'2017-12-08 08:56:06.090107');
INSERT INTO `django_admin_log` (id,object_id,object_repr,action_flag,change_message,content_type_id,user_id,action_time) VALUES (38,'12','D . (darek)',1,'[{`added`: {}}]',4,1,'2017-12-08 08:56:38.311116');
INSERT INTO `django_admin_log` (id,object_id,object_repr,action_flag,change_message,content_type_id,user_id,action_time) VALUES (39,'8','Seat Ibiza 2.0',1,'[{`added`: {}}]',1,1,'2017-12-08 08:56:57.375680');
INSERT INTO `django_admin_log` (id,object_id,object_repr,action_flag,change_message,content_type_id,user_id,action_time) VALUES (40,'12','12: D..',1,'[{`added`: {}}]',6,1,'2017-12-08 08:57:02.259761');
INSERT INTO `django_admin_log` (id,object_id,object_repr,action_flag,change_message,content_type_id,user_id,action_time) VALUES (41,'13','Dominik Wąsowicz (DoDominik)',1,'[{`added`: {}}]',4,1,'2017-12-08 08:57:21.886264');
INSERT INTO `django_admin_log` (id,object_id,object_repr,action_flag,change_message,content_type_id,user_id,action_time) VALUES (42,'9','Alfa Romeo 156 2.0',1,'[{`added`: {}}]',1,1,'2017-12-08 08:58:09.740429');
INSERT INTO `django_admin_log` (id,object_id,object_repr,action_flag,change_message,content_type_id,user_id,action_time) VALUES (43,'13','13: D.Wąsowicz',1,'[{`added`: {}}]',6,1,'2017-12-08 08:58:15.400766');
INSERT INTO `django_admin_log` (id,object_id,object_repr,action_flag,change_message,content_type_id,user_id,action_time) VALUES (44,'14','M . (Marcin)',1,'[{`added`: {}}]',4,1,'2017-12-08 08:58:37.407162');
INSERT INTO `django_admin_log` (id,object_id,object_repr,action_flag,change_message,content_type_id,user_id,action_time) VALUES (45,'10','Volkswagen Golf GTI 2.0',1,'[{`added`: {}}]',1,1,'2017-12-08 08:59:00.811558');
INSERT INTO `django_admin_log` (id,object_id,object_repr,action_flag,change_message,content_type_id,user_id,action_time) VALUES (46,'14','14: M..',1,'[{`added`: {}}]',6,1,'2017-12-08 08:59:04.338909');
INSERT INTO `django_admin_log` (id,object_id,object_repr,action_flag,change_message,content_type_id,user_id,action_time) VALUES (47,'15','D - (Dinozaur)',1,'[{`added`: {}}]',4,1,'2017-12-08 08:59:36.729457');
INSERT INTO `django_admin_log` (id,object_id,object_repr,action_flag,change_message,content_type_id,user_id,action_time) VALUES (48,'11','Volkswagen Polo 2.4',1,'[{`added`: {}}]',1,1,'2017-12-08 09:00:13.976304');
INSERT INTO `django_admin_log` (id,object_id,object_repr,action_flag,change_message,content_type_id,user_id,action_time) VALUES (49,'15','15: D.-',1,'[{`added`: {}}]',6,1,'2017-12-08 09:00:34.178842');
INSERT INTO `django_admin_log` (id,object_id,object_repr,action_flag,change_message,content_type_id,user_id,action_time) VALUES (50,'16','Filip Wąsowicz (Von Sovitz)',1,'[{`added`: {}}]',4,1,'2017-12-08 09:00:49.355953');
INSERT INTO `django_admin_log` (id,object_id,object_repr,action_flag,change_message,content_type_id,user_id,action_time) VALUES (51,'12','BMW E36 2.5',1,'[{`added`: {}}]',1,1,'2017-12-08 09:01:05.440361');
INSERT INTO `django_admin_log` (id,object_id,object_repr,action_flag,change_message,content_type_id,user_id,action_time) VALUES (52,'16','16: F.Wąsowicz',1,'[{`added`: {}}]',6,1,'2017-12-08 09:01:08.591544');
INSERT INTO `django_admin_log` (id,object_id,object_repr,action_flag,change_message,content_type_id,user_id,action_time) VALUES (53,'17','. . (Kos)',1,'[{`added`: {}}]',4,1,'2017-12-08 09:01:24.058778');
INSERT INTO `django_admin_log` (id,object_id,object_repr,action_flag,change_message,content_type_id,user_id,action_time) VALUES (54,'17','17: ...',1,'[{`added`: {}}]',6,1,'2017-12-08 09:01:33.616820');
INSERT INTO `django_admin_log` (id,object_id,object_repr,action_flag,change_message,content_type_id,user_id,action_time) VALUES (55,'17','17: ...',2,'[]',6,1,'2017-12-08 09:01:44.356817');
INSERT INTO `django_admin_log` (id,object_id,object_repr,action_flag,change_message,content_type_id,user_id,action_time) VALUES (56,'15','. . (Dinozaur)',2,'[{`changed`: {`fields`: [`name`, `surname`]}}]',4,1,'2017-12-08 09:03:14.497045');
INSERT INTO `django_admin_log` (id,object_id,object_repr,action_flag,change_message,content_type_id,user_id,action_time) VALUES (57,'14','. . (Marcin)',2,'[{`changed`: {`fields`: [`name`]}}]',4,1,'2017-12-08 09:03:20.142669');
INSERT INTO `django_admin_log` (id,object_id,object_repr,action_flag,change_message,content_type_id,user_id,action_time) VALUES (58,'12','. . (darek)',2,'[{`changed`: {`fields`: [`name`]}}]',4,1,'2017-12-08 09:03:24.783070');
INSERT INTO `django_admin_log` (id,object_id,object_repr,action_flag,change_message,content_type_id,user_id,action_time) VALUES (59,'16','Filip Wąsowicz (Von Sovitz)',2,'[]',4,1,'2017-12-08 09:03:28.521949');
INSERT INTO `django_admin_log` (id,object_id,object_repr,action_flag,change_message,content_type_id,user_id,action_time) VALUES (60,'13','Dominik Wąsowicz (DoDominik)',2,'[]',4,1,'2017-12-08 09:03:31.795459');
INSERT INTO `django_admin_log` (id,object_id,object_repr,action_flag,change_message,content_type_id,user_id,action_time) VALUES (61,'11','. . (Mariusz)',2,'[{`changed`: {`fields`: [`name`, `surname`]}}]',4,1,'2017-12-08 09:03:37.700759');
INSERT INTO `django_admin_log` (id,object_id,object_repr,action_flag,change_message,content_type_id,user_id,action_time) VALUES (62,'10','. . (Łukasz)',2,'[{`changed`: {`fields`: [`name`, `surname`]}}]',4,1,'2017-12-08 09:03:42.263011');
INSERT INTO `django_admin_log` (id,object_id,object_repr,action_flag,change_message,content_type_id,user_id,action_time) VALUES (63,'9','. . (Tomek)',2,'[{`changed`: {`fields`: [`name`]}}]',4,1,'2017-12-08 09:03:46.167526');
INSERT INTO `django_admin_log` (id,object_id,object_repr,action_flag,change_message,content_type_id,user_id,action_time) VALUES (64,'8','. . (Paula)',2,'[{`changed`: {`fields`: [`name`, `surname`]}}]',4,1,'2017-12-08 09:03:51.734697');
INSERT INTO `django_admin_log` (id,object_id,object_repr,action_flag,change_message,content_type_id,user_id,action_time) VALUES (65,'7','Bartosz Dempc (BartekD)',2,'[{`changed`: {`fields`: [`nick`]}}]',4,1,'2017-12-08 09:04:00.814028');
INSERT INTO `django_admin_log` (id,object_id,object_repr,action_flag,change_message,content_type_id,user_id,action_time) VALUES (66,'6','. . (Sałen)',2,'[{`changed`: {`fields`: [`name`, `surname`, `nick`]}}]',4,1,'2017-12-08 09:04:11.962824');
INSERT INTO `django_admin_log` (id,object_id,object_repr,action_flag,change_message,content_type_id,user_id,action_time) VALUES (67,'5','. . (Pawel)',2,'[{`changed`: {`fields`: [`name`, `surname`]}}]',4,1,'2017-12-08 09:04:17.862381');
INSERT INTO `django_admin_log` (id,object_id,object_repr,action_flag,change_message,content_type_id,user_id,action_time) VALUES (68,'3','S Popowicz (Popek)',2,'[{`changed`: {`fields`: [`surname`, `nick`]}}]',4,1,'2017-12-08 09:04:32.565955');
INSERT INTO `django_admin_log` (id,object_id,object_repr,action_flag,change_message,content_type_id,user_id,action_time) VALUES (69,'2','P Popowicz (Popek P)',2,'[{`changed`: {`fields`: [`surname`, `nick`]}}]',4,1,'2017-12-08 09:04:48.071799');
INSERT INTO `django_admin_log` (id,object_id,object_repr,action_flag,change_message,content_type_id,user_id,action_time) VALUES (70,'3','S Popowicz (Popek S)',2,'[{`changed`: {`fields`: [`nick`]}}]',4,1,'2017-12-08 09:04:53.635284');
INSERT INTO `django_admin_log` (id,object_id,object_repr,action_flag,change_message,content_type_id,user_id,action_time) VALUES (71,'1','. . (Oleś)',2,'[{`changed`: {`fields`: [`surname`, `nick`]}}]',4,1,'2017-12-08 09:05:02.416123');
INSERT INTO `django_admin_log` (id,object_id,object_repr,action_flag,change_message,content_type_id,user_id,action_time) VALUES (72,'3','2: S.Popowicz',2,'[{`changed`: {`fields`: [`start_no`]}}]',6,1,'2017-12-08 09:05:46.285165');
INSERT INTO `django_admin_log` (id,object_id,object_repr,action_flag,change_message,content_type_id,user_id,action_time) VALUES (73,'2','3: P.Popowicz',2,'[{`changed`: {`fields`: [`start_no`]}}]',6,1,'2017-12-08 09:05:51.884027');
INSERT INTO `django_admin_log` (id,object_id,object_repr,action_flag,change_message,content_type_id,user_id,action_time) VALUES (74,'3','3: S.Popowicz',2,'[{`changed`: {`fields`: [`start_no`]}}]',6,1,'2017-12-08 09:06:16.715370');
INSERT INTO `django_admin_log` (id,object_id,object_repr,action_flag,change_message,content_type_id,user_id,action_time) VALUES (75,'2','2: P.Popowicz',2,'[{`changed`: {`fields`: [`start_no`]}}]',6,1,'2017-12-08 09:06:20.992713');
INSERT INTO `django_admin_log` (id,object_id,object_repr,action_flag,change_message,content_type_id,user_id,action_time) VALUES (76,'1','Trening Rusocin 10.12.2017-P1',1,'[{`added`: {}}]',7,1,'2017-12-08 09:07:53.025744');
INSERT INTO `django_admin_log` (id,object_id,object_repr,action_flag,change_message,content_type_id,user_id,action_time) VALUES (77,'2','Trening Rusocin 10.12.2017-P2',1,'[{`added`: {}}]',7,1,'2017-12-08 09:07:57.247560');
INSERT INTO `django_admin_log` (id,object_id,object_repr,action_flag,change_message,content_type_id,user_id,action_time) VALUES (78,'3','Trening Rusocin 10.12.2017-P3',1,'[{`added`: {}}]',7,1,'2017-12-08 09:08:04.070533');
INSERT INTO `django_admin_log` (id,object_id,object_repr,action_flag,change_message,content_type_id,user_id,action_time) VALUES (79,'4','Trening Rusocin 10.12.2017-P4',1,'[{`added`: {}}]',7,1,'2017-12-08 09:08:08.931520');
INSERT INTO `django_admin_log` (id,object_id,object_repr,action_flag,change_message,content_type_id,user_id,action_time) VALUES (80,'5','Trening Rusocin 10.12.2017-P5',1,'[{`added`: {}}]',7,1,'2017-12-08 09:08:13.077645');
INSERT INTO `django_admin_log` (id,object_id,object_repr,action_flag,change_message,content_type_id,user_id,action_time) VALUES (81,'12','Trening Rusocin 10.12.2017-P1, 15: ...',2,'[{`changed`: {`fields`: [`taryfa`]}}]',3,1,'2017-12-08 10:32:00.813229');
INSERT INTO `django_admin_log` (id,object_id,object_repr,action_flag,change_message,content_type_id,user_id,action_time) VALUES (82,'16','Trening Rusocin 10.12.2017-P2, 15: ...',1,'[{`added`: {}}]',3,1,'2017-12-08 10:36:39.474301');
INSERT INTO `django_admin_log` (id,object_id,object_repr,action_flag,change_message,content_type_id,user_id,action_time) VALUES (83,'18','jan noname (noname)',1,'[{`added`: {}}]',4,2,'2017-12-08 14:28:50.601031');
INSERT INTO `django_admin_log` (id,object_id,object_repr,action_flag,change_message,content_type_id,user_id,action_time) VALUES (84,'13','audi s7 3.0',1,'[{`added`: {}}]',1,2,'2017-12-08 14:29:46.174350');
INSERT INTO `django_admin_log` (id,object_id,object_repr,action_flag,change_message,content_type_id,user_id,action_time) VALUES (85,'18','69: j.noname',1,'[{`added`: {}}]',6,2,'2017-12-08 14:29:54.498261');
INSERT INTO `django_admin_log` (id,object_id,object_repr,action_flag,change_message,content_type_id,user_id,action_time) VALUES (86,'18','69: j.noname',3,'',6,2,'2017-12-08 14:31:08.248804');
INSERT INTO `django_admin_log` (id,object_id,object_repr,action_flag,change_message,content_type_id,user_id,action_time) VALUES (87,'23','Trening Rusocin 10.12.2017-P4, 4: M.Slawkowski',3,'',3,1,'2017-12-10 08:09:26.871326');
INSERT INTO `django_admin_log` (id,object_id,object_repr,action_flag,change_message,content_type_id,user_id,action_time) VALUES (88,'22','Trening Rusocin 10.12.2017-P4, 12: ...',3,'',3,1,'2017-12-10 08:09:26.973517');
INSERT INTO `django_admin_log` (id,object_id,object_repr,action_flag,change_message,content_type_id,user_id,action_time) VALUES (89,'21','Trening Rusocin 10.12.2017-P4, 8: ...',3,'',3,1,'2017-12-10 08:09:27.064902');
INSERT INTO `django_admin_log` (id,object_id,object_repr,action_flag,change_message,content_type_id,user_id,action_time) VALUES (90,'20','Trening Rusocin 10.12.2017-P5, 8: ...',3,'',3,1,'2017-12-10 08:09:27.156180');
INSERT INTO `django_admin_log` (id,object_id,object_repr,action_flag,change_message,content_type_id,user_id,action_time) VALUES (91,'19','Trening Rusocin 10.12.2017-P4, 1: ...',3,'',3,1,'2017-12-10 08:09:27.255413');
INSERT INTO `django_admin_log` (id,object_id,object_repr,action_flag,change_message,content_type_id,user_id,action_time) VALUES (92,'18','Trening Rusocin 10.12.2017-P2, 13: D.Wąsowicz',3,'',3,1,'2017-12-10 08:09:27.363456');
INSERT INTO `django_admin_log` (id,object_id,object_repr,action_flag,change_message,content_type_id,user_id,action_time) VALUES (93,'17','Trening Rusocin 10.12.2017-P1, 14: ...',3,'',3,1,'2017-12-10 08:09:27.462863');
INSERT INTO `django_admin_log` (id,object_id,object_repr,action_flag,change_message,content_type_id,user_id,action_time) VALUES (94,'16','Trening Rusocin 10.12.2017-P2, 15: ...',3,'',3,1,'2017-12-10 08:09:27.578851');
INSERT INTO `django_admin_log` (id,object_id,object_repr,action_flag,change_message,content_type_id,user_id,action_time) VALUES (95,'15','Trening Rusocin 10.12.2017-P2, 1: ...',3,'',3,1,'2017-12-10 08:09:27.678371');
INSERT INTO `django_admin_log` (id,object_id,object_repr,action_flag,change_message,content_type_id,user_id,action_time) VALUES (96,'14','Trening Rusocin 10.12.2017-P1, 17: ...',3,'',3,1,'2017-12-10 08:09:27.777881');
INSERT INTO `django_admin_log` (id,object_id,object_repr,action_flag,change_message,content_type_id,user_id,action_time) VALUES (97,'13','Trening Rusocin 10.12.2017-P1, 16: F.Wąsowicz',3,'',3,1,'2017-12-10 08:09:27.885937');
INSERT INTO `django_admin_log` (id,object_id,object_repr,action_flag,change_message,content_type_id,user_id,action_time) VALUES (98,'12','Trening Rusocin 10.12.2017-P1, 15: ...',3,'',3,1,'2017-12-10 08:09:27.976953');
INSERT INTO `django_admin_log` (id,object_id,object_repr,action_flag,change_message,content_type_id,user_id,action_time) VALUES (99,'11','Trening Rusocin 10.12.2017-P1, 11: ...',3,'',3,1,'2017-12-10 08:09:28.076651');
INSERT INTO `django_admin_log` (id,object_id,object_repr,action_flag,change_message,content_type_id,user_id,action_time) VALUES (100,'10','Trening Rusocin 10.12.2017-P1, 10: ...',3,'',3,1,'2017-12-10 08:09:28.201100');
INSERT INTO `django_admin_log` (id,object_id,object_repr,action_flag,change_message,content_type_id,user_id,action_time) VALUES (101,'9','Trening Rusocin 10.12.2017-P1, 9: ...',3,'',3,1,'2017-12-10 08:09:28.300382');
INSERT INTO `django_admin_log` (id,object_id,object_repr,action_flag,change_message,content_type_id,user_id,action_time) VALUES (102,'8','Trening Rusocin 10.12.2017-P1, 8: ...',3,'',3,1,'2017-12-10 08:09:28.408385');
INSERT INTO `django_admin_log` (id,object_id,object_repr,action_flag,change_message,content_type_id,user_id,action_time) VALUES (103,'7','Trening Rusocin 10.12.2017-P1, 7: B.Dempc',3,'',3,1,'2017-12-10 08:09:28.507784');
INSERT INTO `django_admin_log` (id,object_id,object_repr,action_flag,change_message,content_type_id,user_id,action_time) VALUES (104,'6','Trening Rusocin 10.12.2017-P1, 6: ...',3,'',3,1,'2017-12-10 08:09:28.598903');
INSERT INTO `django_admin_log` (id,object_id,object_repr,action_flag,change_message,content_type_id,user_id,action_time) VALUES (105,'5','Trening Rusocin 10.12.2017-P1, 5: ...',3,'',3,1,'2017-12-10 08:09:28.739808');
INSERT INTO `django_admin_log` (id,object_id,object_repr,action_flag,change_message,content_type_id,user_id,action_time) VALUES (106,'4','Trening Rusocin 10.12.2017-P1, 4: M.Slawkowski',3,'',3,1,'2017-12-10 08:09:28.822840');
INSERT INTO `django_admin_log` (id,object_id,object_repr,action_flag,change_message,content_type_id,user_id,action_time) VALUES (107,'3','Trening Rusocin 10.12.2017-P1, 3: S.Popowicz',3,'',3,1,'2017-12-10 08:09:28.922373');
INSERT INTO `django_admin_log` (id,object_id,object_repr,action_flag,change_message,content_type_id,user_id,action_time) VALUES (108,'2','Trening Rusocin 10.12.2017-P1, 2: P.Popowicz',3,'',3,1,'2017-12-10 08:09:29.030365');
INSERT INTO `django_admin_log` (id,object_id,object_repr,action_flag,change_message,content_type_id,user_id,action_time) VALUES (109,'1','Trening Rusocin 10.12.2017-P1, 1: ...',3,'',3,1,'2017-12-10 08:09:29.121773');
INSERT INTO `django_admin_log` (id,object_id,object_repr,action_flag,change_message,content_type_id,user_id,action_time) VALUES (110,'14','BMW x3 2.4',1,'[{`added`: {}}]',1,1,'2017-12-10 08:32:41.735993');
INSERT INTO `django_admin_log` (id,object_id,object_repr,action_flag,change_message,content_type_id,user_id,action_time) VALUES (111,'19','25: F.Wąsowicz',1,'[{`added`: {}}]',6,1,'2017-12-10 08:32:50.543030');
INSERT INTO `django_admin_log` (id,object_id,object_repr,action_flag,change_message,content_type_id,user_id,action_time) VALUES (112,'16','16: F.Wąsowicz',3,'',6,1,'2017-12-10 08:32:59.879391');
INSERT INTO `django_admin_log` (id,object_id,object_repr,action_flag,change_message,content_type_id,user_id,action_time) VALUES (113,'19','R Robert (Robert)',1,'[{`added`: {}}]',4,1,'2017-12-10 08:33:34.560569');
INSERT INTO `django_admin_log` (id,object_id,object_repr,action_flag,change_message,content_type_id,user_id,action_time) VALUES (114,'3','3: R.Robert',2,'[{`changed`: {`fields`: [`driver`, `car`]}}]',6,1,'2017-12-10 08:33:55.365712');
INSERT INTO `django_admin_log` (id,object_id,object_repr,action_flag,change_message,content_type_id,user_id,action_time) VALUES (115,'8','8: P.Popowicz',2,'[{`changed`: {`fields`: [`driver`, `car`]}}]',6,1,'2017-12-10 08:34:14.113382');
INSERT INTO `django_admin_log` (id,object_id,object_repr,action_flag,change_message,content_type_id,user_id,action_time) VALUES (116,'7','7: ...',2,'[{`changed`: {`fields`: [`driver`, `car`]}}]',6,1,'2017-12-10 08:34:41.818561');
INSERT INTO `django_admin_log` (id,object_id,object_repr,action_flag,change_message,content_type_id,user_id,action_time) VALUES (117,'20','m mAŁY (Mały)',1,'[{`added`: {}}]',4,1,'2017-12-10 08:35:11.047806');
INSERT INTO `django_admin_log` (id,object_id,object_repr,action_flag,change_message,content_type_id,user_id,action_time) VALUES (118,'20','72: m.mAŁY',1,'[{`added`: {}}]',6,1,'2017-12-10 08:35:23.783165');
INSERT INTO `django_admin_log` (id,object_id,object_repr,action_flag,change_message,content_type_id,user_id,action_time) VALUES (119,'21','Salem - (Salem)',1,'[{`added`: {}}]',4,1,'2017-12-10 08:35:40.985183');
INSERT INTO `django_admin_log` (id,object_id,object_repr,action_flag,change_message,content_type_id,user_id,action_time) VALUES (120,'5','5: S.-',2,'[{`changed`: {`fields`: [`driver`]}}]',6,1,'2017-12-10 08:35:46.339899');
INSERT INTO `django_admin_log` (id,object_id,object_repr,action_flag,change_message,content_type_id,user_id,action_time) VALUES (121,'21','4: ...',1,'[{`added`: {}}]',6,1,'2017-12-10 08:36:32.516061');
INSERT INTO `django_admin_log` (id,object_id,object_repr,action_flag,change_message,content_type_id,user_id,action_time) VALUES (122,'22','25: ...',1,'[{`added`: {}}]',6,1,'2017-12-10 08:37:28.812813');
INSERT INTO `django_admin_log` (id,object_id,object_repr,action_flag,change_message,content_type_id,user_id,action_time) VALUES (123,'22','astra astra (astra)',1,'[{`added`: {}}]',4,1,'2017-12-10 08:37:51.691323');
INSERT INTO `django_admin_log` (id,object_id,object_repr,action_flag,change_message,content_type_id,user_id,action_time) VALUES (124,'15','Opel Astra 1.0',1,'[{`added`: {}}]',1,1,'2017-12-10 08:38:15.769313');
INSERT INTO `django_admin_log` (id,object_id,object_repr,action_flag,change_message,content_type_id,user_id,action_time) VALUES (125,'23','30: a.astra',1,'[{`added`: {}}]',6,1,'2017-12-10 08:38:21.631545');
INSERT INTO `django_admin_log` (id,object_id,object_repr,action_flag,change_message,content_type_id,user_id,action_time) VALUES (126,'24','42: ...',1,'[{`added`: {}}]',6,1,'2017-12-10 08:38:40.511203');
INSERT INTO `django_admin_log` (id,object_id,object_repr,action_flag,change_message,content_type_id,user_id,action_time) VALUES (127,'23','Dawid dawid (Dawid)',1,'[{`added`: {}}]',4,1,'2017-12-10 08:38:58.157633');
INSERT INTO `django_admin_log` (id,object_id,object_repr,action_flag,change_message,content_type_id,user_id,action_time) VALUES (128,'25','29: D.dawid',1,'[{`added`: {}}]',6,1,'2017-12-10 08:39:09.010378');
INSERT INTO `django_admin_log` (id,object_id,object_repr,action_flag,change_message,content_type_id,user_id,action_time) VALUES (129,'16','Skoda Octavia 0.2',1,'[{`added`: {}}]',1,1,'2017-12-10 08:39:40.407283');
INSERT INTO `django_admin_log` (id,object_id,object_repr,action_flag,change_message,content_type_id,user_id,action_time) VALUES (130,'24','Skoda Octavia (None)',1,'[{`added`: {}}]',4,1,'2017-12-10 08:39:49.770395');
INSERT INTO `django_admin_log` (id,object_id,object_repr,action_flag,change_message,content_type_id,user_id,action_time) VALUES (131,'26','28: S.Octavia',1,'[{`added`: {}}]',6,1,'2017-12-10 08:39:55.881525');
INSERT INTO `django_admin_log` (id,object_id,object_repr,action_flag,change_message,content_type_id,user_id,action_time) VALUES (132,'25','Ford Focus (None)',1,'[{`added`: {}}]',4,1,'2017-12-10 08:40:13.052491');
INSERT INTO `django_admin_log` (id,object_id,object_repr,action_flag,change_message,content_type_id,user_id,action_time) VALUES (133,'17','Ford Focus 7.9',1,'[{`added`: {}}]',1,1,'2017-12-10 08:40:30.829216');
INSERT INTO `django_admin_log` (id,object_id,object_repr,action_flag,change_message,content_type_id,user_id,action_time) VALUES (134,'27','27: F.Focus',1,'[{`added`: {}}]',6,1,'2017-12-10 08:40:35.097297');
INSERT INTO `django_admin_log` (id,object_id,object_repr,action_flag,change_message,content_type_id,user_id,action_time) VALUES (135,'18','Audi A6 67.7',1,'[{`added`: {}}]',1,1,'2017-12-10 08:41:06.740389');
INSERT INTO `django_admin_log` (id,object_id,object_repr,action_flag,change_message,content_type_id,user_id,action_time) VALUES (136,'28','26: S.Popowicz',1,'[{`added`: {}}]',6,1,'2017-12-10 08:41:16.528209');
INSERT INTO `django_admin_log` (id,object_id,object_repr,action_flag,change_message,content_type_id,user_id,action_time) VALUES (137,'29','16: B.Dempc',1,'[{`added`: {}}]',6,1,'2017-12-10 08:41:36.989109');
INSERT INTO `django_admin_log` (id,object_id,object_repr,action_flag,change_message,content_type_id,user_id,action_time) VALUES (138,'19','24: F.Wąsowicz',2,'[{`changed`: {`fields`: [`start_no`]}}]',6,1,'2017-12-10 08:42:45.188561');
INSERT INTO `django_admin_log` (id,object_id,object_repr,action_flag,change_message,content_type_id,user_id,action_time) VALUES (139,'17','17: ...',3,'',6,1,'2017-12-10 08:44:42.640426');
INSERT INTO `django_admin_log` (id,object_id,object_repr,action_flag,change_message,content_type_id,user_id,action_time) VALUES (140,'15','15: ...',3,'',6,1,'2017-12-10 08:44:42.714354');
INSERT INTO `django_admin_log` (id,object_id,object_repr,action_flag,change_message,content_type_id,user_id,action_time) VALUES (141,'14','14: ...',3,'',6,1,'2017-12-10 08:44:42.805757');
INSERT INTO `django_admin_log` (id,object_id,object_repr,action_flag,change_message,content_type_id,user_id,action_time) VALUES (142,'13','13: D.Wąsowicz',3,'',6,1,'2017-12-10 08:44:42.896784');
INSERT INTO `django_admin_log` (id,object_id,object_repr,action_flag,change_message,content_type_id,user_id,action_time) VALUES (143,'12','12: ...',3,'',6,1,'2017-12-10 08:44:42.996486');
INSERT INTO `django_admin_log` (id,object_id,object_repr,action_flag,change_message,content_type_id,user_id,action_time) VALUES (144,'11','11: ...',3,'',6,1,'2017-12-10 08:44:43.095980');
INSERT INTO `django_admin_log` (id,object_id,object_repr,action_flag,change_message,content_type_id,user_id,action_time) VALUES (145,'10','10: ...',3,'',6,1,'2017-12-10 08:44:43.194445');
INSERT INTO `django_admin_log` (id,object_id,object_repr,action_flag,change_message,content_type_id,user_id,action_time) VALUES (146,'9','9: ...',3,'',6,1,'2017-12-10 08:44:43.311632');
INSERT INTO `django_admin_log` (id,object_id,object_repr,action_flag,change_message,content_type_id,user_id,action_time) VALUES (147,'6','6: ...',3,'',6,1,'2017-12-10 08:44:43.410961');
INSERT INTO `django_admin_log` (id,object_id,object_repr,action_flag,change_message,content_type_id,user_id,action_time) VALUES (148,'2','2: P.Popowicz',3,'',6,1,'2017-12-10 08:44:43.502414');
INSERT INTO `django_admin_log` (id,object_id,object_repr,action_flag,change_message,content_type_id,user_id,action_time) VALUES (149,'1','1: ...',3,'',6,1,'2017-12-10 08:45:26.147043');
INSERT INTO `django_admin_log` (id,object_id,object_repr,action_flag,change_message,content_type_id,user_id,action_time) VALUES (150,'30','1: ...',1,'[{`added`: {}}]',6,1,'2017-12-10 08:46:26.232588');
INSERT INTO `django_admin_log` (id,object_id,object_repr,action_flag,change_message,content_type_id,user_id,action_time) VALUES (151,'4','4: M.Slawkowski',3,'',6,1,'2017-12-10 08:47:39.586665');
INSERT INTO `django_admin_log` (id,object_id,object_repr,action_flag,change_message,content_type_id,user_id,action_time) VALUES (152,'26','MatJAS MatJAS (MatJAS)',1,'[{`added`: {}}]',4,1,'2017-12-10 08:49:25.782584');
INSERT INTO `django_admin_log` (id,object_id,object_repr,action_flag,change_message,content_type_id,user_id,action_time) VALUES (153,'31','70: M.MatJAS',1,'[{`added`: {}}]',6,1,'2017-12-10 08:49:39.724385');
INSERT INTO `django_admin_log` (id,object_id,object_repr,action_flag,change_message,content_type_id,user_id,action_time) VALUES (154,'27','Mariusz Mariusz (Mariusz)',1,'[{`added`: {}}]',4,1,'2017-12-10 08:49:57.267762');
INSERT INTO `django_admin_log` (id,object_id,object_repr,action_flag,change_message,content_type_id,user_id,action_time) VALUES (155,'32','22: M.Mariusz',1,'[{`added`: {}}]',6,1,'2017-12-10 08:50:09.347562');
INSERT INTO `django_admin_log` (id,object_id,object_repr,action_flag,change_message,content_type_id,user_id,action_time) VALUES (156,'33','21: D.Wąsowicz',1,'[{`added`: {}}]',6,1,'2017-12-10 08:50:43.809618');
INSERT INTO `django_admin_log` (id,object_id,object_repr,action_flag,change_message,content_type_id,user_id,action_time) VALUES (157,'9','Tomek Tomek (Tomek)',2,'[{`changed`: {`fields`: [`name`, `surname`]}}]',4,1,'2017-12-10 08:51:01.318824');
INSERT INTO `django_admin_log` (id,object_id,object_repr,action_flag,change_message,content_type_id,user_id,action_time) VALUES (158,'30','1: T.Tomek',2,'[]',6,1,'2017-12-10 08:51:03.919978');
INSERT INTO `django_admin_log` (id,object_id,object_repr,action_flag,change_message,content_type_id,user_id,action_time) VALUES (159,'14','MArcin Marcin (Marcin)',2,'[{`changed`: {`fields`: [`name`, `surname`]}}]',4,1,'2017-12-10 08:51:19.320919');
INSERT INTO `django_admin_log` (id,object_id,object_repr,action_flag,change_message,content_type_id,user_id,action_time) VALUES (160,'24','42: M.Marcin',2,'[]',6,1,'2017-12-10 08:51:20.566590');
INSERT INTO `django_admin_log` (id,object_id,object_repr,action_flag,change_message,content_type_id,user_id,action_time) VALUES (161,'12','Darek Darek (darek)',2,'[{`changed`: {`fields`: [`name`, `surname`]}}]',4,1,'2017-12-10 08:51:35.307708');
INSERT INTO `django_admin_log` (id,object_id,object_repr,action_flag,change_message,content_type_id,user_id,action_time) VALUES (162,'22','25: D.Darek',2,'[]',6,1,'2017-12-10 08:51:36.339413');
INSERT INTO `django_admin_log` (id,object_id,object_repr,action_flag,change_message,content_type_id,user_id,action_time) VALUES (163,'10','Łukasz Łukasz (Łukasz)',2,'[{`changed`: {`fields`: [`name`, `surname`]}}]',4,1,'2017-12-10 08:51:49.786362');
INSERT INTO `django_admin_log` (id,object_id,object_repr,action_flag,change_message,content_type_id,user_id,action_time) VALUES (164,'21','4: Ł.Łukasz',2,'[]',6,1,'2017-12-10 08:51:52.458610');
INSERT INTO `django_admin_log` (id,object_id,object_repr,action_flag,change_message,content_type_id,user_id,action_time) VALUES (165,'21','Salem Salem (Salem)',2,'[{`changed`: {`fields`: [`surname`]}}]',4,1,'2017-12-10 08:52:04.668826');
INSERT INTO `django_admin_log` (id,object_id,object_repr,action_flag,change_message,content_type_id,user_id,action_time) VALUES (166,'5','5: S.Salem',2,'[]',6,1,'2017-12-10 08:52:13.188129');
INSERT INTO `django_admin_log` (id,object_id,object_repr,action_flag,change_message,content_type_id,user_id,action_time) VALUES (167,'28','Kos Kos (None)',1,'[{`added`: {}}]',4,1,'2017-12-10 08:53:29.637196');
INSERT INTO `django_admin_log` (id,object_id,object_repr,action_flag,change_message,content_type_id,user_id,action_time) VALUES (168,'34','20: K.Kos',1,'[{`added`: {}}]',6,1,'2017-12-10 08:53:41.876658');
INSERT INTO `django_admin_log` (id,object_id,object_repr,action_flag,change_message,content_type_id,user_id,action_time) VALUES (169,'19','Suzuki Swift 1.0',1,'[{`added`: {}}]',1,1,'2017-12-10 08:54:25.780115');
INSERT INTO `django_admin_log` (id,object_id,object_repr,action_flag,change_message,content_type_id,user_id,action_time) VALUES (170,'29','Jasny Jasny (Jasny)',1,'[{`added`: {}}]',4,1,'2017-12-10 08:54:38.632091');
INSERT INTO `django_admin_log` (id,object_id,object_repr,action_flag,change_message,content_type_id,user_id,action_time) VALUES (171,'35','2: J.Jasny',1,'[{`added`: {}}]',6,1,'2017-12-10 08:54:45.695985');
INSERT INTO `django_admin_log` (id,object_id,object_repr,action_flag,change_message,content_type_id,user_id,action_time) VALUES (172,'30','Tomek K (TomekK)',1,'[{`added`: {}}]',4,1,'2017-12-10 08:55:23.446248');
INSERT INTO `django_admin_log` (id,object_id,object_repr,action_flag,change_message,content_type_id,user_id,action_time) VALUES (173,'13','audi a7 3.0',2,'[{`changed`: {`fields`: [`model`]}}]',1,1,'2017-12-10 08:55:43.788486');
INSERT INTO `django_admin_log` (id,object_id,object_repr,action_flag,change_message,content_type_id,user_id,action_time) VALUES (174,'36','19: T.K',1,'[{`added`: {}}]',6,1,'2017-12-10 08:55:51.003213');
INSERT INTO `django_admin_log` (id,object_id,object_repr,action_flag,change_message,content_type_id,user_id,action_time) VALUES (175,'30','Trening Rusocin 10.12.2017-P1, 3: R.Robert',2,'[{`changed`: {`fields`: [`result`, `result_plus_fee`]}}]',3,1,'2017-12-10 09:07:50.122001');
INSERT INTO `django_admin_log` (id,object_id,object_repr,action_flag,change_message,content_type_id,user_id,action_time) VALUES (176,'30','Trening Rusocin 10.12.2017-P1, 3: R.Robert',2,'[{`changed`: {`fields`: [`result`, `result_plus_fee`]}}]',3,1,'2017-12-10 09:08:10.540679');
INSERT INTO `django_admin_log` (id,object_id,object_repr,action_flag,change_message,content_type_id,user_id,action_time) VALUES (177,'34','Trening Rusocin 10.12.2017-P1, 72: m.mAŁY',2,'[{`changed`: {`fields`: [`fee`]}}]',3,1,'2017-12-10 09:17:08.756707');
INSERT INTO `django_admin_log` (id,object_id,object_repr,action_flag,change_message,content_type_id,user_id,action_time) VALUES (178,'31','Jan Borowski (None)',1,'[{`added`: {}}]',4,1,'2017-12-10 10:42:53.456650');
INSERT INTO `django_admin_log` (id,object_id,object_repr,action_flag,change_message,content_type_id,user_id,action_time) VALUES (179,'37','95: J.Borowski',1,'[{`added`: {}}]',6,1,'2017-12-10 10:43:09.744936');
INSERT INTO `django_admin_log` (id,object_id,object_repr,action_flag,change_message,content_type_id,user_id,action_time) VALUES (180,'79','Trening Rusocin 10.12.2017-P3, 72: m.mAŁY',3,'',3,1,'2017-12-10 11:52:51.765850');
INSERT INTO `django_admin_log` (id,object_id,object_repr,action_flag,change_message,content_type_id,user_id,action_time) VALUES (181,'100','Trening Rusocin 10.12.2017-P4, 8: P.Popowicz',2,'[{`changed`: {`fields`: [`taryfa`]}}]',3,1,'2017-12-10 12:14:08.115369');
CREATE TABLE `auth_user_user_permissions` (`id` integer NOT NULL PRIMARY KEY AUTO_INCREMENT, `user_id` integer NOT NULL REFERENCES `auth_user` (`id`) DEFERRABLE INITIALLY DEFERRED, `permission_id` integer NOT NULL REFERENCES `auth_permission` (`id`) DEFERRABLE INITIALLY DEFERRED);
CREATE TABLE `auth_user_groups` (`id` integer NOT NULL PRIMARY KEY AUTO_INCREMENT, `user_id` integer NOT NULL REFERENCES `auth_user` (`id`) DEFERRABLE INITIALLY DEFERRED, `group_id` integer NOT NULL REFERENCES `auth_group` (`id`) DEFERRABLE INITIALLY DEFERRED);
CREATE TABLE `auth_user` (`id` integer NOT NULL PRIMARY KEY AUTO_INCREMENT, `password` varchar(128) NOT NULL, `last_login` datetime NULL, `is_superuser` bool NOT NULL, `username` varchar(150) NOT NULL UNIQUE, `first_name` varchar(30) NOT NULL, `email` varchar(254) NOT NULL, `is_staff` bool NOT NULL, `is_active` bool NOT NULL, `date_joined` datetime NOT NULL, `last_name` varchar(150) NOT NULL);
INSERT INTO `auth_user` (id,password,last_login,is_superuser,username,first_name,email,is_staff,is_active,date_joined,last_name) VALUES (1,'pbkdf2_sha256$100000$f4K6vYMn4ouB$2z1/sQs+B1H5PpNWO5No+XRrZww6XFObQpHVMQbwhqM=','2017-12-10 08:09:09.583577',1,'admin','','dempc.bartosz@gmail.com',1,1,'2017-12-08 07:33:25.487494','');
INSERT INTO `auth_user` (id,password,last_login,is_superuser,username,first_name,email,is_staff,is_active,date_joined,last_name) VALUES (2,'pbkdf2_sha256$100000$aEypJS837KaG$LGF3y6xYYnkzVDeH6O0ph438duNVgLhoN1N6CTEt4Y8=','2017-12-08 14:20:46.917554',1,'filip','','fil@wp.pl',1,1,'2017-12-08 07:38:10.758607','');
CREATE TABLE `auth_permission` (`id` integer NOT NULL PRIMARY KEY AUTO_INCREMENT, `content_type_id` integer NOT NULL REFERENCES `django_content_type` (`id`) DEFERRABLE INITIALLY DEFERRED, `codename` varchar(100) NOT NULL, `name` varchar(255) NOT NULL);
INSERT INTO `auth_permission` (id,content_type_id,codename,name) VALUES (1,1,'add_car','Can add car');
INSERT INTO `auth_permission` (id,content_type_id,codename,name) VALUES (2,1,'change_car','Can change car');
INSERT INTO `auth_permission` (id,content_type_id,codename,name) VALUES (3,1,'delete_car','Can delete car');
INSERT INTO `auth_permission` (id,content_type_id,codename,name) VALUES (4,2,'add_carclass','Can add car class');
INSERT INTO `auth_permission` (id,content_type_id,codename,name) VALUES (5,2,'change_carclass','Can change car class');
INSERT INTO `auth_permission` (id,content_type_id,codename,name) VALUES (6,2,'delete_carclass','Can delete car class');
INSERT INTO `auth_permission` (id,content_type_id,codename,name) VALUES (7,3,'add_lap','Can add lap');
INSERT INTO `auth_permission` (id,content_type_id,codename,name) VALUES (8,3,'change_lap','Can change lap');
INSERT INTO `auth_permission` (id,content_type_id,codename,name) VALUES (9,3,'delete_lap','Can delete lap');
INSERT INTO `auth_permission` (id,content_type_id,codename,name) VALUES (10,4,'add_person','Can add person');
INSERT INTO `auth_permission` (id,content_type_id,codename,name) VALUES (11,4,'change_person','Can change person');
INSERT INTO `auth_permission` (id,content_type_id,codename,name) VALUES (12,4,'delete_person','Can delete person');
INSERT INTO `auth_permission` (id,content_type_id,codename,name) VALUES (13,5,'add_race','Can add race');
INSERT INTO `auth_permission` (id,content_type_id,codename,name) VALUES (14,5,'change_race','Can change race');
INSERT INTO `auth_permission` (id,content_type_id,codename,name) VALUES (15,5,'delete_race','Can delete race');
INSERT INTO `auth_permission` (id,content_type_id,codename,name) VALUES (16,6,'add_team','Can add team');
INSERT INTO `auth_permission` (id,content_type_id,codename,name) VALUES (17,6,'change_team','Can change team');
INSERT INTO `auth_permission` (id,content_type_id,codename,name) VALUES (18,6,'delete_team','Can delete team');
INSERT INTO `auth_permission` (id,content_type_id,codename,name) VALUES (19,7,'add_track','Can add track');
INSERT INTO `auth_permission` (id,content_type_id,codename,name) VALUES (20,7,'change_track','Can change track');
INSERT INTO `auth_permission` (id,content_type_id,codename,name) VALUES (21,7,'delete_track','Can delete track');
INSERT INTO `auth_permission` (id,content_type_id,codename,name) VALUES (22,8,'add_logentry','Can add log entry');
INSERT INTO `auth_permission` (id,content_type_id,codename,name) VALUES (23,8,'change_logentry','Can change log entry');
INSERT INTO `auth_permission` (id,content_type_id,codename,name) VALUES (24,8,'delete_logentry','Can delete log entry');
INSERT INTO `auth_permission` (id,content_type_id,codename,name) VALUES (25,9,'add_permission','Can add permission');
INSERT INTO `auth_permission` (id,content_type_id,codename,name) VALUES (26,9,'change_permission','Can change permission');
INSERT INTO `auth_permission` (id,content_type_id,codename,name) VALUES (27,9,'delete_permission','Can delete permission');
INSERT INTO `auth_permission` (id,content_type_id,codename,name) VALUES (28,10,'add_group','Can add group');
INSERT INTO `auth_permission` (id,content_type_id,codename,name) VALUES (29,10,'change_group','Can change group');
INSERT INTO `auth_permission` (id,content_type_id,codename,name) VALUES (30,10,'delete_group','Can delete group');
INSERT INTO `auth_permission` (id,content_type_id,codename,name) VALUES (31,11,'add_user','Can add user');
INSERT INTO `auth_permission` (id,content_type_id,codename,name) VALUES (32,11,'change_user','Can change user');
INSERT INTO `auth_permission` (id,content_type_id,codename,name) VALUES (33,11,'delete_user','Can delete user');
INSERT INTO `auth_permission` (id,content_type_id,codename,name) VALUES (34,12,'add_contenttype','Can add content type');
INSERT INTO `auth_permission` (id,content_type_id,codename,name) VALUES (35,12,'change_contenttype','Can change content type');
INSERT INTO `auth_permission` (id,content_type_id,codename,name) VALUES (36,12,'delete_contenttype','Can delete content type');
INSERT INTO `auth_permission` (id,content_type_id,codename,name) VALUES (37,13,'add_session','Can add session');
INSERT INTO `auth_permission` (id,content_type_id,codename,name) VALUES (38,13,'change_session','Can change session');
INSERT INTO `auth_permission` (id,content_type_id,codename,name) VALUES (39,13,'delete_session','Can delete session');
CREATE TABLE `auth_group_permissions` (`id` integer NOT NULL PRIMARY KEY AUTO_INCREMENT, `group_id` integer NOT NULL REFERENCES `auth_group` (`id`) DEFERRABLE INITIALLY DEFERRED, `permission_id` integer NOT NULL REFERENCES `auth_permission` (`id`) DEFERRABLE INITIALLY DEFERRED);
CREATE TABLE `auth_group` (`id` integer NOT NULL PRIMARY KEY AUTO_INCREMENT, `name` varchar(80) NOT NULL UNIQUE);
CREATE INDEX `web_track_race_id_afb325e3` ON `web_track` (`race_id`);
CREATE INDEX `web_team_tclass_id_3b763df0` ON `web_team` (`tclass_id`);
CREATE INDEX `web_team_race_id_85800ca5` ON `web_team` (`race_id`);
CREATE INDEX `web_team_navigator_id_dfbb74b1` ON `web_team` (`navigator_id`);
CREATE INDEX `web_team_driver_id_9dac5059` ON `web_team` (`driver_id`);
CREATE INDEX `web_team_car_id_0a1a2b42` ON `web_team` (`car_id`);
CREATE INDEX `web_lap_track_id_17540542` ON `web_lap` (`track_id`);
CREATE INDEX `web_lap_team_id_8fc9872a` ON `web_lap` (`team_id`);
CREATE INDEX `django_session_expire_date_a5c62663` ON `django_session` (`expire_date`);
CREATE UNIQUE INDEX django_content_type_app_label_model_76bd3d3b_uniq ON `django_content_type` (`app_label`, `model`);
CREATE INDEX `django_admin_log_user_id_c564eba6` ON `django_admin_log` (`user_id`);
CREATE INDEX `django_admin_log_content_type_id_c4bce8eb` ON `django_admin_log` (`content_type_id`);
CREATE UNIQUE INDEX auth_user_user_permissions_user_id_permission_id_14a6b632_uniq ON `auth_user_user_permissions` (`user_id`, `permission_id`);
CREATE INDEX `auth_user_user_permissions_user_id_a95ead1b` ON `auth_user_user_permissions` (`user_id`);
CREATE INDEX `auth_user_user_permissions_permission_id_1fbb5f2c` ON `auth_user_user_permissions` (`permission_id`);
CREATE UNIQUE INDEX auth_user_groups_user_id_group_id_94350c0c_uniq ON `auth_user_groups` (`user_id`, `group_id`);
CREATE INDEX `auth_user_groups_user_id_6a12ed8b` ON `auth_user_groups` (`user_id`);
CREATE INDEX `auth_user_groups_group_id_97559544` ON `auth_user_groups` (`group_id`);
CREATE UNIQUE INDEX auth_permission_content_type_id_codename_01ab375a_uniq ON `auth_permission` (`content_type_id`, `codename`);
CREATE INDEX `auth_permission_content_type_id_2f476e4b` ON `auth_permission` (`content_type_id`);
CREATE INDEX `auth_group_permissions_permission_id_84c5c92e` ON `auth_group_permissions` (`permission_id`);
CREATE UNIQUE INDEX auth_group_permissions_group_id_permission_id_0cd325b0_uniq ON `auth_group_permissions` (`group_id`, `permission_id`);
CREATE INDEX `auth_group_permissions_group_id_b120cbf9` ON `auth_group_permissions` (`group_id`);
COMMIT;
