[{"model": "web.person", "pk": 1, "fields": {"name": ".", "surname": ".", "nick": "Ole\u015b", "mail": null, "phone_tel": null, "desc": null, "race_licence": false}}, {"model": "web.person", "pk": 2, "fields": {"name": "P", "surname": "Popowicz", "nick": "Popek P", "mail": null, "phone_tel": null, "desc": null, "race_licence": false}}, {"model": "web.person", "pk": 3, "fields": {"name": "S", "surname": "Popowicz", "nick": "Popek S", "mail": null, "phone_tel": null, "desc": null, "race_licence": false}}, {"model": "web.person", "pk": 4, "fields": {"name": "M", "surname": "Slawkowski", "nick": "mslawkowski", "mail": null, "phone_tel": null, "desc": null, "race_licence": false}}, {"model": "web.person", "pk": 5, "fields": {"name": ".", "surname": ".", "nick": "Pawel", "mail": null, "phone_tel": null, "desc": null, "race_licence": false}}, {"model": "web.person", "pk": 6, "fields": {"name": ".", "surname": ".", "nick": "Sa\u0142en", "mail": null, "phone_tel": null, "desc": null, "race_licence": false}}, {"model": "web.person", "pk": 7, "fields": {"name": "Bartosz", "surname": "Dempc", "nick": "BartekD", "mail": null, "phone_tel": null, "desc": null, "race_licence": false}}, {"model": "web.person", "pk": 8, "fields": {"name": ".", "surname": ".", "nick": "Paula", "mail": null, "phone_tel": null, "desc": null, "race_licence": false}}, {"model": "web.person", "pk": 9, "fields": {"name": "Tomek", "surname": "Tomek", "nick": "Tomek", "mail": null, "phone_tel": null, "desc": null, "race_licence": false}}, {"model": "web.person", "pk": 10, "fields": {"name": "\u0141ukasz", "surname": "\u0141ukasz", "nick": "\u0141ukasz", "mail": null, "phone_tel": null, "desc": null, "race_licence": false}}, {"model": "web.person", "pk": 11, "fields": {"name": ".", "surname": ".", "nick": "Mariusz", "mail": null, "phone_tel": null, "desc": null, "race_licence": false}}, {"model": "web.person", "pk": 12, "fields": {"name": "Darek", "surname": "Darek", "nick": "darek", "mail": null, "phone_tel": null, "desc": null, "race_licence": false}}, {"model": "web.person", "pk": 13, "fields": {"name": "Dominik", "surname": "W\u0105sowicz", "nick": "DoDominik", "mail": null, "phone_tel": null, "desc": null, "race_licence": false}}, {"model": "web.person", "pk": 14, "fields": {"name": "MArcin", "surname": "Marcin", "nick": "Marcin", "mail": null, "phone_tel": null, "desc": null, "race_licence": false}}, {"model": "web.person", "pk": 15, "fields": {"name": ".", "surname": ".", "nick": "Dinozaur", "mail": null, "phone_tel": null, "desc": null, "race_licence": false}}, {"model": "web.person", "pk": 16, "fields": {"name": "Filip", "surname": "W\u0105sowicz", "nick": "Von Sovitz", "mail": null, "phone_tel": null, "desc": null, "race_licence": false}}, {"model": "web.person", "pk": 17, "fields": {"name": ".", "surname": ".", "nick": "Kos", "mail": null, "phone_tel": null, "desc": null, "race_licence": false}}, {"model": "web.person", "pk": 18, "fields": {"name": "jan", "surname": "noname", "nick": "noname", "mail": null, "phone_tel": null, "desc": null, "race_licence": false}}, {"model": "web.person", "pk": 19, "fields": {"name": "R", "surname": "Robert", "nick": "Robert", "mail": null, "phone_tel": null, "desc": null, "race_licence": false}}, {"model": "web.person", "pk": 20, "fields": {"name": "m", "surname": "mA\u0141Y", "nick": "Ma\u0142y", "mail": null, "phone_tel": null, "desc": null, "race_licence": false}}, {"model": "web.person", "pk": 21, "fields": {"name": "Salem", "surname": "Salem", "nick": "Salem", "mail": null, "phone_tel": null, "desc": null, "race_licence": false}}, {"model": "web.person", "pk": 22, "fields": {"name": "astra", "surname": "astra", "nick": "astra", "mail": null, "phone_tel": null, "desc": null, "race_licence": false}}, {"model": "web.person", "pk": 23, "fields": {"name": "Dawid", "surname": "dawid", "nick": "Dawid", "mail": null, "phone_tel": null, "desc": null, "race_licence": false}}, {"model": "web.person", "pk": 24, "fields": {"name": "Skoda", "surname": "Octavia", "nick": null, "mail": null, "phone_tel": null, "desc": null, "race_licence": false}}, {"model": "web.person", "pk": 25, "fields": {"name": "Ford", "surname": "Focus", "nick": null, "mail": null, "phone_tel": null, "desc": null, "race_licence": false}}, {"model": "web.person", "pk": 26, "fields": {"name": "MatJAS", "surname": "MatJAS", "nick": "MatJAS", "mail": null, "phone_tel": null, "desc": null, "race_licence": false}}, {"model": "web.person", "pk": 27, "fields": {"name": "Mariusz", "surname": "Mariusz", "nick": "Mariusz", "mail": null, "phone_tel": null, "desc": null, "race_licence": false}}, {"model": "web.person", "pk": 28, "fields": {"name": "Kos", "surname": "Kos", "nick": null, "mail": null, "phone_tel": null, "desc": null, "race_licence": false}}, {"model": "web.person", "pk": 29, "fields": {"name": "Jasny", "surname": "Jasny", "nick": "Jasny", "mail": null, "phone_tel": null, "desc": null, "race_licence": false}}, {"model": "web.person", "pk": 30, "fields": {"name": "Tomek", "surname": "K", "nick": "TomekK", "mail": null, "phone_tel": null, "desc": null, "race_licence": false}}, {"model": "web.person", "pk": 31, "fields": {"name": "Jan", "surname": "Borowski", "nick": null, "mail": null, "phone_tel": null, "desc": null, "race_licence": false}}, {"model": "web.race", "pk": 1, "fields": {"name": "Trening Rusocin 10.12.2017", "place": "Rusocin", "start_date": "2017-12-10T09:00:00Z", "end_date": "2017-12-10T15:00:00Z", "finished": false, "race_type": "TimeAttack"}}, {"model": "web.carclass", "pk": 1, "fields": {"name": "Klasa_1", "type": "Capacity", "cap_min": "0", "cap_max": "903"}}, {"model": "web.carclass", "pk": 2, "fields": {"name": "klasa_2", "type": "Capacity", "cap_min": "904", "cap_max": "1400"}}, {"model": "web.carclass", "pk": 3, "fields": {"name": "Klasa_3", "type": "Capacity", "cap_min": "1401", "cap_max": "1700"}}, {"model": "web.carclass", "pk": 4, "fields": {"name": "Klasa_4", "type": "Capacity", "cap_min": "1701", "cap_max": "2000"}}, {"model": "web.carclass", "pk": 5, "fields": {"name": "Klasa_5", "type": "Capacity", "cap_min": "2001", "cap_max": "999999999"}}, {"model": "web.car", "pk": 1, "fields": {"manufacurer": "Fiat", "model": "126p", "desc": "maluch", "engine_model": null, "fuel": "gasoline", "accel_type": null, "power": null, "torque": null, "engine_capacity": "650", "wankel": false, "hybrid": false}}, {"model": "web.car", "pk": 2, "fields": {"manufacurer": "Honda", "model": "Civic", "desc": "-", "engine_model": null, "fuel": "gasoline", "accel_type": null, "power": null, "torque": null, "engine_capacity": "1400", "wankel": false, "hybrid": false}}, {"model": "web.car", "pk": 3, "fields": {"manufacurer": "Fiat", "model": "Cinquecento", "desc": "-", "engine_model": null, "fuel": "gasoline", "accel_type": null, "power": null, "torque": null, "engine_capacity": "1200", "wankel": false, "hybrid": false}}, {"model": "web.car", "pk": 4, "fields": {"manufacurer": "Fiat", "model": "Seicento", "desc": "-", "engine_model": null, "fuel": "gasoline", "accel_type": null, "power": null, "torque": null, "engine_capacity": "1100", "wankel": false, "hybrid": false}}, {"model": "web.car", "pk": 5, "fields": {"manufacurer": "Ford", "model": "Ka", "desc": "-", "engine_model": null, "fuel": "gasoline", "accel_type": null, "power": null, "torque": null, "engine_capacity": "1000", "wankel": false, "hybrid": false}}, {"model": "web.car", "pk": 6, "fields": {"manufacurer": "Volkswagen", "model": "Lupo", "desc": "-", "engine_model": null, "fuel": "gasoline", "accel_type": null, "power": null, "torque": null, "engine_capacity": "1600", "wankel": false, "hybrid": false}}, {"model": "web.car", "pk": 7, "fields": {"manufacurer": "Renault", "model": "Clio", "desc": "-", "engine_model": null, "fuel": "gasoline", "accel_type": null, "power": null, "torque": null, "engine_capacity": "1600", "wankel": false, "hybrid": false}}, {"model": "web.car", "pk": 8, "fields": {"manufacurer": "Seat", "model": "Ibiza", "desc": "-", "engine_model": null, "fuel": "gasoline", "accel_type": null, "power": null, "torque": null, "engine_capacity": "2000", "wankel": false, "hybrid": false}}, {"model": "web.car", "pk": 9, "fields": {"manufacurer": "Alfa Romeo", "model": "156", "desc": "-", "engine_model": null, "fuel": "gasoline", "accel_type": null, "power": null, "torque": null, "engine_capacity": "2000", "wankel": false, "hybrid": false}}, {"model": "web.car", "pk": 10, "fields": {"manufacurer": "Volkswagen", "model": "Golf GTI", "desc": "-", "engine_model": null, "fuel": "gasoline", "accel_type": null, "power": null, "torque": null, "engine_capacity": "2000", "wankel": false, "hybrid": false}}, {"model": "web.car", "pk": 11, "fields": {"manufacurer": "Volkswagen", "model": "Polo", "desc": "-", "engine_model": null, "fuel": "gasoline", "accel_type": null, "power": null, "torque": null, "engine_capacity": "2400", "wankel": false, "hybrid": false}}, {"model": "web.car", "pk": 12, "fields": {"manufacurer": "BMW", "model": "E36", "desc": "-", "engine_model": null, "fuel": "gasoline", "accel_type": null, "power": null, "torque": null, "engine_capacity": "2500", "wankel": false, "hybrid": false}}, {"model": "web.car", "pk": 13, "fields": {"manufacurer": "audi", "model": "a7", "desc": "3.0 tdi", "engine_model": null, "fuel": "diesel", "accel_type": "Turbocharged", "power": null, "torque": null, "engine_capacity": "2999", "wankel": false, "hybrid": false}}, {"model": "web.car", "pk": 14, "fields": {"manufacurer": "BMW", "model": "x3", "desc": "-", "engine_model": null, "fuel": "diesel", "accel_type": null, "power": null, "torque": null, "engine_capacity": "2400", "wankel": false, "hybrid": false}}, {"model": "web.car", "pk": 15, "fields": {"manufacurer": "Opel", "model": "Astra", "desc": "-", "engine_model": null, "fuel": "gasoline", "accel_type": null, "power": null, "torque": null, "engine_capacity": "988", "wankel": false, "hybrid": false}}, {"model": "web.car", "pk": 16, "fields": {"manufacurer": "Skoda", "model": "Octavia", "desc": "-", "engine_model": null, "fuel": "gasoline", "accel_type": "Turbocharged", "power": null, "torque": null, "engine_capacity": "200", "wankel": false, "hybrid": false}}, {"model": "web.car", "pk": 17, "fields": {"manufacurer": "Ford", "model": "Focus", "desc": "-", "engine_model": null, "fuel": "gasoline", "accel_type": "Turbocharged", "power": null, "torque": null, "engine_capacity": "7876", "wankel": false, "hybrid": false}}, {"model": "web.car", "pk": 18, "fields": {"manufacurer": "Audi", "model": "A6", "desc": "-", "engine_model": null, "fuel": "gasoline", "accel_type": null, "power": null, "torque": null, "engine_capacity": "67686", "wankel": false, "hybrid": false}}, {"model": "web.car", "pk": 19, "fields": {"manufacurer": "Suzuki", "model": "Swift", "desc": "-", "engine_model": null, "fuel": "gasoline", "accel_type": null, "power": null, "torque": null, "engine_capacity": "1000", "wankel": false, "hybrid": false}}, {"model": "web.team", "pk": 3, "fields": {"start_no": "3", "driver": 19, "navigator": null, "race": 1, "car": 4, "tclass": 2}}, {"model": "web.team", "pk": 5, "fields": {"start_no": "5", "driver": 21, "navigator": null, "race": 1, "car": 4, "tclass": 2}}, {"model": "web.team", "pk": 7, "fields": {"start_no": "7", "driver": 9, "navigator": null, "race": 1, "car": 5, "tclass": 2}}, {"model": "web.team", "pk": 8, "fields": {"start_no": "8", "driver": 2, "navigator": null, "race": 1, "car": 2, "tclass": 2}}, {"model": "web.team", "pk": 19, "fields": {"start_no": "24", "driver": 16, "navigator": null, "race": 1, "car": 14, "tclass": 5}}, {"model": "web.team", "pk": 20, "fields": {"start_no": "72", "driver": 20, "navigator": null, "race": 1, "car": 4, "tclass": 2}}, {"model": "web.team", "pk": 21, "fields": {"start_no": "4", "driver": 10, "navigator": null, "race": 1, "car": 6, "tclass": 3}}, {"model": "web.team", "pk": 22, "fields": {"start_no": "25", "driver": 12, "navigator": null, "race": 1, "car": 8, "tclass": 4}}, {"model": "web.team", "pk": 23, "fields": {"start_no": "30", "driver": 22, "navigator": null, "race": 1, "car": 15, "tclass": 4}}, {"model": "web.team", "pk": 24, "fields": {"start_no": "42", "driver": 14, "navigator": null, "race": 1, "car": 10, "tclass": 4}}, {"model": "web.team", "pk": 25, "fields": {"start_no": "29", "driver": 23, "navigator": null, "race": 1, "car": 10, "tclass": 4}}, {"model": "web.team", "pk": 26, "fields": {"start_no": "28", "driver": 24, "navigator": null, "race": 1, "car": 16, "tclass": 5}}, {"model": "web.team", "pk": 27, "fields": {"start_no": "27", "driver": 25, "navigator": null, "race": 1, "car": 17, "tclass": 5}}, {"model": "web.team", "pk": 28, "fields": {"start_no": "26", "driver": 3, "navigator": null, "race": 1, "car": 18, "tclass": 5}}, {"model": "web.team", "pk": 29, "fields": {"start_no": "16", "driver": 7, "navigator": null, "race": 1, "car": 2, "tclass": 2}}, {"model": "web.team", "pk": 30, "fields": {"start_no": "1", "driver": 9, "navigator": null, "race": 1, "car": 4, "tclass": 1}}, {"model": "web.team", "pk": 31, "fields": {"start_no": "70", "driver": 26, "navigator": null, "race": 1, "car": 7, "tclass": 3}}, {"model": "web.team", "pk": 32, "fields": {"start_no": "22", "driver": 27, "navigator": null, "race": 1, "car": 7, "tclass": 3}}, {"model": "web.team", "pk": 33, "fields": {"start_no": "21", "driver": 13, "navigator": null, "race": 1, "car": 9, "tclass": 4}}, {"model": "web.team", "pk": 34, "fields": {"start_no": "20", "driver": 28, "navigator": null, "race": 1, "car": 12, "tclass": 5}}, {"model": "web.team", "pk": 35, "fields": {"start_no": "2", "driver": 29, "navigator": null, "race": 1, "car": 19, "tclass": 2}}, {"model": "web.team", "pk": 36, "fields": {"start_no": "19", "driver": 30, "navigator": null, "race": 1, "car": 13, "tclass": 5}}, {"model": "web.team", "pk": 37, "fields": {"start_no": "95", "driver": 31, "navigator": null, "race": 1, "car": 4, "tclass": 2}}, {"model": "web.track", "pk": 1, "fields": {"race": 1, "name": "P1"}}, {"model": "web.track", "pk": 2, "fields": {"race": 1, "name": "P2"}}, {"model": "web.track", "pk": 3, "fields": {"race": 1, "name": "P3"}}, {"model": "web.track", "pk": 4, "fields": {"race": 1, "name": "P4"}}, {"model": "web.track", "pk": 5, "fields": {"race": 1, "name": "P5"}}, {"model": "web.lap", "pk": 29, "fields": {"team": 30, "track": 1, "taryfa": false, "fee": "0", "start_time": null, "stop_time": null, "result": 103497, "result_plus_fee": 103497, "result_taryfa": 0}}, {"model": "web.lap", "pk": 30, "fields": {"team": 3, "track": 1, "taryfa": false, "fee": "0", "start_time": null, "stop_time": null, "result": 95100, "result_plus_fee": 9500, "result_taryfa": 0}}, {"model": "web.lap", "pk": 31, "fields": {"team": 5, "track": 1, "taryfa": false, "fee": "0", "start_time": null, "stop_time": null, "result": 97021, "result_plus_fee": 97021, "result_taryfa": 0}}, {"model": "web.lap", "pk": 32, "fields": {"team": 8, "track": 1, "taryfa": false, "fee": "5", "start_time": null, "stop_time": null, "result": 101193, "result_plus_fee": 106193, "result_taryfa": 0}}, {"model": "web.lap", "pk": 33, "fields": {"team": 7, "track": 1, "taryfa": false, "fee": "0", "start_time": null, "stop_time": null, "result": 99627, "result_plus_fee": 99627, "result_taryfa": 0}}, {"model": "web.lap", "pk": 34, "fields": {"team": 20, "track": 1, "taryfa": false, "fee": "5", "start_time": null, "stop_time": null, "result": 92851, "result_plus_fee": 92851, "result_taryfa": 0}}, {"model": "web.lap", "pk": 35, "fields": {"team": 35, "track": 1, "taryfa": false, "fee": "0", "start_time": null, "stop_time": null, "result": 99853, "result_plus_fee": 99853, "result_taryfa": 0}}, {"model": "web.lap", "pk": 36, "fields": {"team": 29, "track": 1, "taryfa": false, "fee": "0", "start_time": null, "stop_time": null, "result": 97150, "result_plus_fee": 97150, "result_taryfa": 0}}, {"model": "web.lap", "pk": 37, "fields": {"team": 21, "track": 1, "taryfa": false, "fee": "0", "start_time": null, "stop_time": null, "result": 100414, "result_plus_fee": 100414, "result_taryfa": 0}}, {"model": "web.lap", "pk": 38, "fields": {"team": 31, "track": 1, "taryfa": false, "fee": "0", "start_time": null, "stop_time": null, "result": 91292, "result_plus_fee": 91292, "result_taryfa": 0}}, {"model": "web.lap", "pk": 39, "fields": {"team": 32, "track": 1, "taryfa": false, "fee": "0", "start_time": null, "stop_time": null, "result": 102403, "result_plus_fee": 102403, "result_taryfa": 0}}, {"model": "web.lap", "pk": 40, "fields": {"team": 22, "track": 1, "taryfa": false, "fee": "0", "start_time": null, "stop_time": null, "result": 91551, "result_plus_fee": 91551, "result_taryfa": 0}}, {"model": "web.lap", "pk": 41, "fields": {"team": 25, "track": 1, "taryfa": false, "fee": "0", "start_time": null, "stop_time": null, "result": 99556, "result_plus_fee": 99556, "result_taryfa": 0}}, {"model": "web.lap", "pk": 42, "fields": {"team": 24, "track": 1, "taryfa": true, "fee": "0", "start_time": null, "stop_time": null, "result": 100510, "result_plus_fee": 100510, "result_taryfa": 0}}, {"model": "web.lap", "pk": 43, "fields": {"team": 23, "track": 1, "taryfa": false, "fee": "0", "start_time": null, "stop_time": null, "result": 103582, "result_plus_fee": 103582, "result_taryfa": 0}}, {"model": "web.lap", "pk": 44, "fields": {"team": 33, "track": 1, "taryfa": false, "fee": "0", "start_time": null, "stop_time": null, "result": 95311, "result_plus_fee": 95311, "result_taryfa": 0}}, {"model": "web.lap", "pk": 45, "fields": {"team": 34, "track": 1, "taryfa": false, "fee": "0", "start_time": null, "stop_time": null, "result": 104323, "result_plus_fee": 104323, "result_taryfa": 0}}, {"model": "web.lap", "pk": 46, "fields": {"team": 28, "track": 1, "taryfa": false, "fee": "0", "start_time": null, "stop_time": null, "result": 100976, "result_plus_fee": 100976, "result_taryfa": 0}}, {"model": "web.lap", "pk": 47, "fields": {"team": 26, "track": 1, "taryfa": false, "fee": "0", "start_time": null, "stop_time": null, "result": 92876, "result_plus_fee": 92876, "result_taryfa": 0}}, {"model": "web.lap", "pk": 48, "fields": {"team": 27, "track": 1, "taryfa": false, "fee": "0", "start_time": null, "stop_time": null, "result": 101816, "result_plus_fee": 101816, "result_taryfa": 0}}, {"model": "web.lap", "pk": 49, "fields": {"team": 36, "track": 1, "taryfa": false, "fee": "0", "start_time": null, "stop_time": null, "result": 95060, "result_plus_fee": 95060, "result_taryfa": 0}}, {"model": "web.lap", "pk": 50, "fields": {"team": 19, "track": 1, "taryfa": false, "fee": "0", "start_time": null, "stop_time": null, "result": 94265, "result_plus_fee": 94265, "result_taryfa": 0}}, {"model": "web.lap", "pk": 51, "fields": {"team": 30, "track": 2, "taryfa": false, "fee": "0", "start_time": null, "stop_time": null, "result": 103780, "result_plus_fee": 103780, "result_taryfa": 0}}, {"model": "web.lap", "pk": 52, "fields": {"team": 3, "track": 2, "taryfa": false, "fee": "5", "start_time": null, "stop_time": null, "result": 97451, "result_plus_fee": 102451, "result_taryfa": 0}}, {"model": "web.lap", "pk": 53, "fields": {"team": 5, "track": 2, "taryfa": false, "fee": "0", "start_time": null, "stop_time": null, "result": 97528, "result_plus_fee": 97528, "result_taryfa": 0}}, {"model": "web.lap", "pk": 54, "fields": {"team": 8, "track": 2, "taryfa": true, "fee": "0", "start_time": null, "stop_time": null, "result": 104954, "result_plus_fee": 104954, "result_taryfa": 0}}, {"model": "web.lap", "pk": 55, "fields": {"team": 7, "track": 2, "taryfa": false, "fee": "0", "start_time": null, "stop_time": null, "result": 99008, "result_plus_fee": 99008, "result_taryfa": 0}}, {"model": "web.lap", "pk": 56, "fields": {"team": 20, "track": 2, "taryfa": false, "fee": "0", "start_time": null, "stop_time": null, "result": 98110, "result_plus_fee": 98110, "result_taryfa": 0}}, {"model": "web.lap", "pk": 57, "fields": {"team": 35, "track": 2, "taryfa": false, "fee": "0", "start_time": null, "stop_time": null, "result": 100336, "result_plus_fee": 100336, "result_taryfa": 0}}, {"model": "web.lap", "pk": 58, "fields": {"team": 29, "track": 2, "taryfa": false, "fee": "5", "start_time": null, "stop_time": null, "result": 98289, "result_plus_fee": 103289, "result_taryfa": 0}}, {"model": "web.lap", "pk": 59, "fields": {"team": 21, "track": 2, "taryfa": false, "fee": "0", "start_time": null, "stop_time": null, "result": 98673, "result_plus_fee": 98673, "result_taryfa": 0}}, {"model": "web.lap", "pk": 60, "fields": {"team": 31, "track": 2, "taryfa": false, "fee": "0", "start_time": null, "stop_time": null, "result": 88821, "result_plus_fee": 88821, "result_taryfa": 0}}, {"model": "web.lap", "pk": 61, "fields": {"team": 32, "track": 2, "taryfa": false, "fee": "0", "start_time": null, "stop_time": null, "result": 97998, "result_plus_fee": 97998, "result_taryfa": 0}}, {"model": "web.lap", "pk": 62, "fields": {"team": 22, "track": 2, "taryfa": false, "fee": "0", "start_time": null, "stop_time": null, "result": 88607, "result_plus_fee": 88607, "result_taryfa": 0}}, {"model": "web.lap", "pk": 63, "fields": {"team": 25, "track": 2, "taryfa": false, "fee": "5", "start_time": null, "stop_time": null, "result": 94593, "result_plus_fee": 99593, "result_taryfa": 0}}, {"model": "web.lap", "pk": 64, "fields": {"team": 24, "track": 2, "taryfa": false, "fee": "0", "start_time": null, "stop_time": null, "result": 92863, "result_plus_fee": 92863, "result_taryfa": 0}}, {"model": "web.lap", "pk": 65, "fields": {"team": 23, "track": 2, "taryfa": false, "fee": "0", "start_time": null, "stop_time": null, "result": 94272, "result_plus_fee": 94272, "result_taryfa": 0}}, {"model": "web.lap", "pk": 66, "fields": {"team": 33, "track": 2, "taryfa": false, "fee": "0", "start_time": null, "stop_time": null, "result": 91971, "result_plus_fee": 91971, "result_taryfa": 0}}, {"model": "web.lap", "pk": 67, "fields": {"team": 34, "track": 2, "taryfa": false, "fee": "0", "start_time": null, "stop_time": null, "result": 106039, "result_plus_fee": 106039, "result_taryfa": 0}}, {"model": "web.lap", "pk": 68, "fields": {"team": 28, "track": 2, "taryfa": false, "fee": "5", "start_time": null, "stop_time": null, "result": 108334, "result_plus_fee": 113334, "result_taryfa": 0}}, {"model": "web.lap", "pk": 69, "fields": {"team": 26, "track": 2, "taryfa": false, "fee": "10", "start_time": null, "stop_time": null, "result": 91479, "result_plus_fee": 101479, "result_taryfa": 0}}, {"model": "web.lap", "pk": 70, "fields": {"team": 27, "track": 2, "taryfa": false, "fee": "0", "start_time": null, "stop_time": null, "result": 97360, "result_plus_fee": 97360, "result_taryfa": 0}}, {"model": "web.lap", "pk": 71, "fields": {"team": 36, "track": 2, "taryfa": false, "fee": "0", "start_time": null, "stop_time": null, "result": 92327, "result_plus_fee": 92327, "result_taryfa": 0}}, {"model": "web.lap", "pk": 72, "fields": {"team": 19, "track": 2, "taryfa": false, "fee": "0", "start_time": null, "stop_time": null, "result": 91793, "result_plus_fee": 91793, "result_taryfa": 0}}, {"model": "web.lap", "pk": 73, "fields": {"team": 37, "track": 2, "taryfa": false, "fee": "10", "start_time": null, "stop_time": null, "result": 86782, "result_plus_fee": 96782, "result_taryfa": 0}}, {"model": "web.lap", "pk": 74, "fields": {"team": 30, "track": 3, "taryfa": false, "fee": "0", "start_time": null, "stop_time": null, "result": 104002, "result_plus_fee": 104002, "result_taryfa": 0}}, {"model": "web.lap", "pk": 75, "fields": {"team": 3, "track": 3, "taryfa": false, "fee": "5", "start_time": null, "stop_time": null, "result": 91524, "result_plus_fee": 96524, "result_taryfa": 0}}, {"model": "web.lap", "pk": 76, "fields": {"team": 5, "track": 3, "taryfa": false, "fee": "0", "start_time": null, "stop_time": null, "result": 95031, "result_plus_fee": 95031, "result_taryfa": 0}}, {"model": "web.lap", "pk": 77, "fields": {"team": 8, "track": 3, "taryfa": false, "fee": "5", "start_time": null, "stop_time": null, "result": 96783, "result_plus_fee": 101783, "result_taryfa": 0}}, {"model": "web.lap", "pk": 78, "fields": {"team": 7, "track": 3, "taryfa": false, "fee": "0", "start_time": null, "stop_time": null, "result": 98185, "result_plus_fee": 98185, "result_taryfa": 0}}, {"model": "web.lap", "pk": 80, "fields": {"team": 35, "track": 3, "taryfa": false, "fee": "0", "start_time": null, "stop_time": null, "result": 97353, "result_plus_fee": 97353, "result_taryfa": 0}}, {"model": "web.lap", "pk": 81, "fields": {"team": 29, "track": 3, "taryfa": false, "fee": "0", "start_time": null, "stop_time": null, "result": 92389, "result_plus_fee": 92389, "result_taryfa": 0}}, {"model": "web.lap", "pk": 82, "fields": {"team": 37, "track": 3, "taryfa": false, "fee": "10", "start_time": null, "stop_time": null, "result": 112821, "result_plus_fee": 122821, "result_taryfa": 0}}, {"model": "web.lap", "pk": 83, "fields": {"team": 21, "track": 3, "taryfa": false, "fee": "0", "start_time": null, "stop_time": null, "result": 94219, "result_plus_fee": 94219, "result_taryfa": 0}}, {"model": "web.lap", "pk": 84, "fields": {"team": 31, "track": 3, "taryfa": false, "fee": "5", "start_time": null, "stop_time": null, "result": 94751, "result_plus_fee": 99751, "result_taryfa": 0}}, {"model": "web.lap", "pk": 85, "fields": {"team": 32, "track": 3, "taryfa": false, "fee": "0", "start_time": null, "stop_time": null, "result": 96517, "result_plus_fee": 96517, "result_taryfa": 0}}, {"model": "web.lap", "pk": 86, "fields": {"team": 22, "track": 3, "taryfa": false, "fee": "0", "start_time": null, "stop_time": null, "result": 85566, "result_plus_fee": 85566, "result_taryfa": 0}}, {"model": "web.lap", "pk": 87, "fields": {"team": 25, "track": 3, "taryfa": false, "fee": "0", "start_time": null, "stop_time": null, "result": 93668, "result_plus_fee": 93668, "result_taryfa": 0}}, {"model": "web.lap", "pk": 88, "fields": {"team": 24, "track": 3, "taryfa": false, "fee": "0", "start_time": null, "stop_time": null, "result": 88920, "result_plus_fee": 88920, "result_taryfa": 0}}, {"model": "web.lap", "pk": 89, "fields": {"team": 23, "track": 3, "taryfa": false, "fee": "0", "start_time": null, "stop_time": null, "result": 90878, "result_plus_fee": 90878, "result_taryfa": 0}}, {"model": "web.lap", "pk": 90, "fields": {"team": 33, "track": 3, "taryfa": false, "fee": "0", "start_time": null, "stop_time": null, "result": 90884, "result_plus_fee": 90884, "result_taryfa": 0}}, {"model": "web.lap", "pk": 91, "fields": {"team": 34, "track": 3, "taryfa": false, "fee": "0", "start_time": null, "stop_time": null, "result": 90595, "result_plus_fee": 90595, "result_taryfa": 0}}, {"model": "web.lap", "pk": 92, "fields": {"team": 28, "track": 3, "taryfa": false, "fee": "0", "start_time": null, "stop_time": null, "result": 95422, "result_plus_fee": 95422, "result_taryfa": 0}}, {"model": "web.lap", "pk": 93, "fields": {"team": 26, "track": 3, "taryfa": false, "fee": "0", "start_time": null, "stop_time": null, "result": 91049, "result_plus_fee": 91049, "result_taryfa": 0}}, {"model": "web.lap", "pk": 94, "fields": {"team": 27, "track": 3, "taryfa": false, "fee": "5", "start_time": null, "stop_time": null, "result": 94949, "result_plus_fee": 99949, "result_taryfa": 0}}, {"model": "web.lap", "pk": 95, "fields": {"team": 36, "track": 3, "taryfa": false, "fee": "0", "start_time": null, "stop_time": null, "result": 93897, "result_plus_fee": 93897, "result_taryfa": 0}}, {"model": "web.lap", "pk": 96, "fields": {"team": 19, "track": 3, "taryfa": false, "fee": "0", "start_time": null, "stop_time": null, "result": 96122, "result_plus_fee": 96122, "result_taryfa": 0}}, {"model": "web.lap", "pk": 97, "fields": {"team": 3, "track": 4, "taryfa": true, "fee": "0", "start_time": null, "stop_time": null, "result": 530, "result_plus_fee": 530, "result_taryfa": 0}}, {"model": "web.lap", "pk": 98, "fields": {"team": 5, "track": 4, "taryfa": false, "fee": "0", "start_time": null, "stop_time": null, "result": 100936, "result_plus_fee": 100936, "result_taryfa": 0}}, {"model": "web.lap", "pk": 99, "fields": {"team": 20, "track": 4, "taryfa": false, "fee": "0", "start_time": null, "stop_time": null, "result": 96693, "result_plus_fee": 96693, "result_taryfa": 0}}, {"model": "web.lap", "pk": 100, "fields": {"team": 8, "track": 4, "taryfa": true, "fee": "0", "start_time": null, "stop_time": null, "result": 85388, "result_plus_fee": 85388, "result_taryfa": 0}}, {"model": "web.lap", "pk": 101, "fields": {"team": 7, "track": 4, "taryfa": false, "fee": "0", "start_time": null, "stop_time": null, "result": 105812, "result_plus_fee": 105812, "result_taryfa": 0}}, {"model": "web.lap", "pk": 102, "fields": {"team": 35, "track": 4, "taryfa": false, "fee": "5", "start_time": null, "stop_time": null, "result": 100017, "result_plus_fee": 105017, "result_taryfa": 0}}, {"model": "web.lap", "pk": 103, "fields": {"team": 29, "track": 4, "taryfa": false, "fee": "0", "start_time": null, "stop_time": null, "result": 97432, "result_plus_fee": 97432, "result_taryfa": 0}}, {"model": "web.lap", "pk": 104, "fields": {"team": 37, "track": 4, "taryfa": false, "fee": "0", "start_time": null, "stop_time": null, "result": 92378, "result_plus_fee": 92378, "result_taryfa": 0}}, {"model": "web.lap", "pk": 105, "fields": {"team": 21, "track": 4, "taryfa": false, "fee": "0", "start_time": null, "stop_time": null, "result": 97705, "result_plus_fee": 97705, "result_taryfa": 0}}, {"model": "web.lap", "pk": 106, "fields": {"team": 31, "track": 4, "taryfa": false, "fee": "0", "start_time": null, "stop_time": null, "result": 103007, "result_plus_fee": 103007, "result_taryfa": 0}}, {"model": "web.lap", "pk": 107, "fields": {"team": 32, "track": 4, "taryfa": false, "fee": "0", "start_time": null, "stop_time": null, "result": 98333, "result_plus_fee": 98333, "result_taryfa": 0}}, {"model": "web.lap", "pk": 108, "fields": {"team": 22, "track": 4, "taryfa": false, "fee": "0", "start_time": null, "stop_time": null, "result": 88131, "result_plus_fee": 88131, "result_taryfa": 0}}, {"model": "web.lap", "pk": 109, "fields": {"team": 25, "track": 4, "taryfa": false, "fee": "0", "start_time": null, "stop_time": null, "result": 95449, "result_plus_fee": 95449, "result_taryfa": 0}}, {"model": "web.lap", "pk": 110, "fields": {"team": 23, "track": 4, "taryfa": false, "fee": "5", "start_time": null, "stop_time": null, "result": 94260, "result_plus_fee": 99260, "result_taryfa": 0}}, {"model": "web.lap", "pk": 111, "fields": {"team": 24, "track": 4, "taryfa": false, "fee": "0", "start_time": null, "stop_time": null, "result": 92767, "result_plus_fee": 92767, "result_taryfa": 0}}, {"model": "web.lap", "pk": 112, "fields": {"team": 33, "track": 4, "taryfa": false, "fee": "0", "start_time": null, "stop_time": null, "result": 91743, "result_plus_fee": 91743, "result_taryfa": 0}}, {"model": "web.lap", "pk": 113, "fields": {"team": 34, "track": 4, "taryfa": false, "fee": "5", "start_time": null, "stop_time": null, "result": 92054, "result_plus_fee": 97054, "result_taryfa": 0}}, {"model": "web.lap", "pk": 114, "fields": {"team": 28, "track": 4, "taryfa": false, "fee": "0", "start_time": null, "stop_time": null, "result": 95893, "result_plus_fee": 95893, "result_taryfa": 0}}, {"model": "web.lap", "pk": 115, "fields": {"team": 26, "track": 4, "taryfa": false, "fee": "0", "start_time": null, "stop_time": null, "result": 90719, "result_plus_fee": 90719, "result_taryfa": 0}}, {"model": "web.lap", "pk": 116, "fields": {"team": 27, "track": 4, "taryfa": false, "fee": "0", "start_time": null, "stop_time": null, "result": 94342, "result_plus_fee": 94342, "result_taryfa": 0}}, {"model": "web.lap", "pk": 117, "fields": {"team": 36, "track": 4, "taryfa": false, "fee": "0", "start_time": null, "stop_time": null, "result": 95364, "result_plus_fee": 95364, "result_taryfa": 0}}, {"model": "web.lap", "pk": 118, "fields": {"team": 20, "track": 3, "taryfa": false, "fee": "0", "start_time": null, "stop_time": null, "result": 93421, "result_plus_fee": 93421, "result_taryfa": 0}}, {"model": "web.lap", "pk": 119, "fields": {"team": 30, "track": 5, "taryfa": false, "fee": "0", "start_time": null, "stop_time": null, "result": 102711, "result_plus_fee": 102711, "result_taryfa": 0}}, {"model": "web.lap", "pk": 120, "fields": {"team": 5, "track": 5, "taryfa": false, "fee": "0", "start_time": null, "stop_time": null, "result": 95931, "result_plus_fee": 95931, "result_taryfa": 0}}, {"model": "web.lap", "pk": 121, "fields": {"team": 7, "track": 5, "taryfa": false, "fee": "0", "start_time": null, "stop_time": null, "result": 98654, "result_plus_fee": 98654, "result_taryfa": 0}}, {"model": "web.lap", "pk": 122, "fields": {"team": 20, "track": 5, "taryfa": false, "fee": "0", "start_time": null, "stop_time": null, "result": 93153, "result_plus_fee": 93153, "result_taryfa": 0}}, {"model": "web.lap", "pk": 123, "fields": {"team": 29, "track": 5, "taryfa": false, "fee": "0", "start_time": null, "stop_time": null, "result": 92974, "result_plus_fee": 92974, "result_taryfa": 0}}, {"model": "web.lap", "pk": 124, "fields": {"team": 37, "track": 5, "taryfa": false, "fee": "0", "start_time": null, "stop_time": null, "result": 89029, "result_plus_fee": 89029, "result_taryfa": 0}}, {"model": "web.lap", "pk": 125, "fields": {"team": 21, "track": 5, "taryfa": false, "fee": "0", "start_time": null, "stop_time": null, "result": 92749, "result_plus_fee": 92749, "result_taryfa": 0}}, {"model": "web.lap", "pk": 126, "fields": {"team": 31, "track": 5, "taryfa": false, "fee": "0", "start_time": null, "stop_time": null, "result": 88518, "result_plus_fee": 88518, "result_taryfa": 0}}, {"model": "web.lap", "pk": 127, "fields": {"team": 22, "track": 5, "taryfa": false, "fee": "0", "start_time": null, "stop_time": null, "result": 86505, "result_plus_fee": 86505, "result_taryfa": 0}}, {"model": "web.lap", "pk": 128, "fields": {"team": 25, "track": 5, "taryfa": true, "fee": "0", "start_time": null, "stop_time": null, "result": 123211, "result_plus_fee": 123211, "result_taryfa": 0}}, {"model": "web.lap", "pk": 129, "fields": {"team": 23, "track": 5, "taryfa": false, "fee": "0", "start_time": null, "stop_time": null, "result": 90514, "result_plus_fee": 90514, "result_taryfa": 0}}, {"model": "web.lap", "pk": 130, "fields": {"team": 33, "track": 5, "taryfa": false, "fee": "0", "start_time": null, "stop_time": null, "result": 89988, "result_plus_fee": 89988, "result_taryfa": 0}}, {"model": "web.lap", "pk": 131, "fields": {"team": 24, "track": 5, "taryfa": false, "fee": "0", "start_time": null, "stop_time": null, "result": 94372, "result_plus_fee": 94372, "result_taryfa": 0}}, {"model": "web.lap", "pk": 132, "fields": {"team": 34, "track": 5, "taryfa": false, "fee": "0", "start_time": null, "stop_time": null, "result": 90945, "result_plus_fee": 90945, "result_taryfa": 0}}, {"model": "web.lap", "pk": 133, "fields": {"team": 26, "track": 5, "taryfa": false, "fee": "5", "start_time": null, "stop_time": null, "result": 89613, "result_plus_fee": 94613, "result_taryfa": 0}}, {"model": "web.lap", "pk": 134, "fields": {"team": 27, "track": 5, "taryfa": false, "fee": "0", "start_time": null, "stop_time": null, "result": 96459, "result_plus_fee": 96459, "result_taryfa": 0}}, {"model": "web.lap", "pk": 135, "fields": {"team": 36, "track": 5, "taryfa": false, "fee": "5", "start_time": null, "stop_time": null, "result": 94433, "result_plus_fee": 99433, "result_taryfa": 0}}, {"model": "web.lap", "pk": 136, "fields": {"team": 19, "track": 5, "taryfa": false, "fee": "0", "start_time": null, "stop_time": null, "result": 90557, "result_plus_fee": 90557, "result_taryfa": 0}}]